hierarchy,active,mesh_asset,triangles,colliders,cast_shadows,material_assets,instancing,lod_group,instance_id,bounds_center_x,bounds_center_y,bounds_center_z
Coast preview — generated  Play starts campaign/Coast environment/User_pine/User_pine(Clone)/Visual,True,Assets/GameArt/pine_tree/pine_tree.fbx,1946099,0,On,Assets/GameArt/_GeneratedMaterials/pine_tree/pine_tree_URP.mat,true,False,568105589213544776,-9.654272,1.93497455,25.0849266
Coast preview — generated  Play starts campaign/Coast environment/User_pine/User_pine(Clone)/Visual,True,Assets/GameArt/pine_tree/pine_tree.fbx,1946099,0,On,Assets/GameArt/_GeneratedMaterials/pine_tree/pine_tree_URP.mat,true,False,568105589213544760,35.06564,1.98121965,26.067091
Coast preview — generated  Play starts campaign/Coast environment/User_pine/User_pine(Clone)/Visual,True,Assets/GameArt/pine_tree/pine_tree.fbx,1946099,0,On,Assets/GameArt/_GeneratedMaterials/pine_tree/pine_tree_URP.mat,true,False,568105589213544744,-3.63662744,2.13687,11.8878059
Coast preview — generated  Play starts campaign/Coast environment/User_pine/User_pine(Clone)/Visual,True,Assets/GameArt/pine_tree/pine_tree.fbx,1946099,0,On,Assets/GameArt/_GeneratedMaterials/pine_tree/pine_tree_URP.mat,true,False,568105589213544728,31.89794,2.13687,21.5860882
Coast preview — generated  Play starts campaign/Coast environment/User_pine/User_pine(Clone)/Visual,True,Assets/GameArt/pine_tree/pine_tree.fbx,1946099,0,On,Assets/GameArt/_GeneratedMaterials/pine_tree/pine_tree_URP.mat,true,False,568105589213544712,-8.464737,2.13687,15.2601748
Coast preview — generated  Play starts campaign/Coast environment/User_pine/User_pine(Clone)/Visual,True,Assets/GameArt/pine_tree/pine_tree.fbx,1946099,0,On,Assets/GameArt/_GeneratedMaterials/pine_tree/pine_tree_URP.mat,true,False,568105589213544696,31.9757614,2.13687,26.6187115
Coast preview — generated  Play starts campaign/Coast environment/User_pine/User_pine(Clone)/Visual,True,Assets/GameArt/pine_tree/pine_tree.fbx,1946099,0,On,Assets/GameArt/_GeneratedMaterials/pine_tree/pine_tree_URP.mat,true,False,568105589213544680,-3.43896151,2.13687,8.319099
Coast preview — generated  Play starts campaign/Coast environment/User_pine/User_pine(Clone)/Visual,True,Assets/GameArt/pine_tree/pine_tree.fbx,1946099,0,On,Assets/GameArt/_GeneratedMaterials/pine_tree/pine_tree_URP.mat,true,False,568105589213544664,32.0377731,2.13687,10.6466331
Coast preview — generated  Play starts campaign/Coast environment/User_pine/User_pine(Clone)/Visual,True,Assets/GameArt/pine_tree/pine_tree.fbx,1946099,0,On,Assets/GameArt/_GeneratedMaterials/pine_tree/pine_tree_URP.mat,true,False,568105589213544648,-4.60288572,2.13687,5.799773
Coast preview — generated  Play starts campaign/Coast environment/User_pine/User_pine(Clone)/Visual,True,Assets/GameArt/pine_tree/pine_tree.fbx,1946099,0,On,Assets/GameArt/_GeneratedMaterials/pine_tree/pine_tree_URP.mat,true,False,568105589213544632,38.4838562,2.13687,11.5956774
Coast preview — generated  Play starts campaign/Coast environment/User_pine/User_pine(Clone)/Visual,True,Assets/GameArt/pine_tree/pine_tree.fbx,1946099,0,On,Assets/GameArt/_GeneratedMaterials/pine_tree/pine_tree_URP.mat,true,False,568105589213544616,-3.4495914,2.12308526,10.5191088
Coast preview — generated  Play starts campaign/Coast environment/User_pine/User_pine(Clone)/Visual,True,Assets/GameArt/pine_tree/pine_tree.fbx,1946099,0,On,Assets/GameArt/_GeneratedMaterials/pine_tree/pine_tree_URP.mat,true,False,568105589213544600,33.1176872,2.13687,19.3134422
Coast preview — generated  Play starts campaign/Coast environment/User_pine/User_pine(Clone)/Visual,True,Assets/GameArt/pine_tree/pine_tree.fbx,1946099,0,On,Assets/GameArt/_GeneratedMaterials/pine_tree/pine_tree_URP.mat,true,False,568105589213544584,-4.847101,2.13687,16.9166927
Coast preview — generated  Play starts campaign/Coast environment/User_pine/User_pine(Clone)/Visual,True,Assets/GameArt/pine_tree/pine_tree.fbx,1946099,0,On,Assets/GameArt/_GeneratedMaterials/pine_tree/pine_tree_URP.mat,true,False,568105589213544568,36.72163,1.97278261,6.18072844
Coast preview — generated  Play starts campaign/Coast environment/User_pine/User_pine(Clone)/Visual,True,Assets/GameArt/pine_tree/pine_tree.fbx,1946099,0,On,Assets/GameArt/_GeneratedMaterials/pine_tree/pine_tree_URP.mat,true,False,568105589213544552,-3.311425,2.13687,16.4533863
Coast preview — generated  Play starts campaign/Coast environment/User_pine/User_pine(Clone)/Visual,True,Assets/GameArt/pine_tree/pine_tree.fbx,1946099,0,On,Assets/GameArt/_GeneratedMaterials/pine_tree/pine_tree_URP.mat,true,False,568105589213544536,33.3665924,1.97286367,26.5147915
Coast preview — generated  Play starts campaign/Coast environment/User_pine/User_pine(Clone)/Visual,True,Assets/GameArt/pine_tree/pine_tree.fbx,1946099,0,On,Assets/GameArt/_GeneratedMaterials/pine_tree/pine_tree_URP.mat,true,False,568105589213544520,-10.5912771,2.13687,17.69759
Coast preview — generated  Play starts campaign/Coast environment/User_pine/User_pine(Clone)/Visual,True,Assets/GameArt/pine_tree/pine_tree.fbx,1946099,0,On,Assets/GameArt/_GeneratedMaterials/pine_tree/pine_tree_URP.mat,true,False,568105589213544504,36.3042336,2.13687,19.2068481
Coast preview — generated  Play starts campaign/Coast environment/User_pine/User_pine(Clone)/Visual,True,Assets/GameArt/pine_tree/pine_tree.fbx,1946099,0,On,Assets/GameArt/_GeneratedMaterials/pine_tree/pine_tree_URP.mat,true,False,568105589213544488,-10.1630135,2.13687,10.0258045
Coast preview — generated  Play starts campaign/Coast environment/User_pine/User_pine(Clone)/Visual,True,Assets/GameArt/pine_tree/pine_tree.fbx,1946099,0,On,Assets/GameArt/_GeneratedMaterials/pine_tree/pine_tree_URP.mat,true,False,568105589213544472,35.5518837,2.11088419,21.1825581
Coast preview — generated  Play starts campaign/Coast environment/User_pine/User_pine(Clone)/Visual,True,Assets/GameArt/pine_tree/pine_tree.fbx,1946099,0,On,Assets/GameArt/_GeneratedMaterials/pine_tree/pine_tree_URP.mat,true,False,568105589213544456,-4.07709,2.13687,5.20187426
Coast preview — generated  Play starts campaign/Coast environment/User_pine/User_pine(Clone)/Visual,True,Assets/GameArt/pine_tree/pine_tree.fbx,1946099,0,On,Assets/GameArt/_GeneratedMaterials/pine_tree/pine_tree_URP.mat,true,False,568105589213544440,38.4875526,2.13687,5.254128
Coast preview — generated  Play starts campaign/Coast environment/User_pine/User_pine(Clone)/Visual,True,Assets/GameArt/pine_tree/pine_tree.fbx,1946099,0,On,Assets/GameArt/_GeneratedMaterials/pine_tree/pine_tree_URP.mat,true,False,568105589213544424,-10.560091,2.13687,29.4311714
Coast preview — generated  Play starts campaign/Coast environment/User_pine/User_pine(Clone)/Visual,True,Assets/GameArt/pine_tree/pine_tree.fbx,1946099,0,On,Assets/GameArt/_GeneratedMaterials/pine_tree/pine_tree_URP.mat,true,False,568105589213544408,38.82897,2.13687,6.833017
Coast preview — generated  Play starts campaign/Coast environment/User_pine/User_pine(Clone)/Visual,True,Assets/GameArt/pine_tree/pine_tree.fbx,1946099,0,On,Assets/GameArt/_GeneratedMaterials/pine_tree/pine_tree_URP.mat,true,False,568105589213544392,-3.25824046,1.950215,12.2972555
Coast preview — generated  Play starts campaign/Coast environment/User_pine/User_pine(Clone)/Visual,True,Assets/GameArt/pine_tree/pine_tree.fbx,1946099,0,On,Assets/GameArt/_GeneratedMaterials/pine_tree/pine_tree_URP.mat,true,False,568105589213544376,31.5272141,2.13687,23.0771255
Coast preview — generated  Play starts campaign/Coast environment/User_pine/User_pine(Clone)/Visual,True,Assets/GameArt/pine_tree/pine_tree.fbx,1946099,0,On,Assets/GameArt/_GeneratedMaterials/pine_tree/pine_tree_URP.mat,true,False,568105589213544360,-9.029468,2.13687,25.7081718
Coast preview — generated  Play starts campaign/Coast environment/User_pine/User_pine(Clone)/Visual,True,Assets/GameArt/pine_tree/pine_tree.fbx,1946099,0,On,Assets/GameArt/_GeneratedMaterials/pine_tree/pine_tree_URP.mat,true,False,568105589213544344,33.80395,2.13687,7.05262756
Coast preview — generated  Play starts campaign/Coast environment/User_pine/User_pine(Clone)/Visual,True,Assets/GameArt/pine_tree/pine_tree.fbx,1946099,0,On,Assets/GameArt/_GeneratedMaterials/pine_tree/pine_tree_URP.mat,true,False,568105589213544328,-4.01437664,2.0793674,22.3870754
Coast preview — generated  Play starts campaign/Coast environment/User_pine/User_pine(Clone)/Visual,True,Assets/GameArt/pine_tree/pine_tree.fbx,1946099,0,On,Assets/GameArt/_GeneratedMaterials/pine_tree/pine_tree_URP.mat,true,False,568105589213544312,38.5255547,1.91162837,13.2802134
Coast preview — generated  Play starts campaign/Coast environment/User_pine/User_pine(Clone)/Visual,True,Assets/GameArt/pine_tree/pine_tree.fbx,1946099,0,On,Assets/GameArt/_GeneratedMaterials/pine_tree/pine_tree_URP.mat,true,False,568105589213544296,-3.18748665,2.10499287,9.021672
Coast preview — generated  Play starts campaign/Coast environment/User_pine/User_pine(Clone)/Visual,True,Assets/GameArt/pine_tree/pine_tree.fbx,1946099,0,On,Assets/GameArt/_GeneratedMaterials/pine_tree/pine_tree_URP.mat,true,False,568105589213544280,37.2597961,2.13687,10.27751
Coast preview — generated  Play starts campaign/Coast environment/User_pine/User_pine(Clone)/Visual,True,Assets/GameArt/pine_tree/pine_tree.fbx,1946099,0,On,Assets/GameArt/_GeneratedMaterials/pine_tree/pine_tree_URP.mat,true,False,568105589213544264,-5.377186,2.13687,13.1023436
Coast preview — generated  Play starts campaign/Coast environment/User_pine/User_pine(Clone)/Visual,True,Assets/GameArt/pine_tree/pine_tree.fbx,1946099,0,On,Assets/GameArt/_GeneratedMaterials/pine_tree/pine_tree_URP.mat,true,False,568105589213544248,35.32357,2.13687,14.8952484
Coast preview — generated  Play starts campaign/Coast environment/User_pine/User_pine(Clone)/Visual,True,Assets/GameArt/pine_tree/pine_tree.fbx,1946099,0,On,Assets/GameArt/_GeneratedMaterials/pine_tree/pine_tree_URP.mat,true,False,568105589213544232,-4.232023,2.13687,9.13093
Coast preview — generated  Play starts campaign/Coast environment/User_pine/User_pine(Clone)/Visual,True,Assets/GameArt/pine_tree/pine_tree.fbx,1946099,0,On,Assets/GameArt/_GeneratedMaterials/pine_tree/pine_tree_URP.mat,true,False,568105589213544216,35.457653,2.13687,25.7536259
Coast preview — generated  Play starts campaign/Coast environment/User_pine/User_pine(Clone)/Visual,True,Assets/GameArt/pine_tree/pine_tree.fbx,1946099,0,On,Assets/GameArt/_GeneratedMaterials/pine_tree/pine_tree_URP.mat,true,False,568105589213544200,-7.47557068,2.13462639,11.5804548
Coast preview — generated  Play starts campaign/Coast environment/User_pine/User_pine(Clone)/Visual,True,Assets/GameArt/pine_tree/pine_tree.fbx,1946099,0,On,Assets/GameArt/_GeneratedMaterials/pine_tree/pine_tree_URP.mat,true,False,568105589213544184,37.86621,2.13687,16.49496
Coast preview — generated  Play starts campaign/Coast environment/User_pine/User_pine(Clone)/Visual,True,Assets/GameArt/pine_tree/pine_tree.fbx,1946099,0,On,Assets/GameArt/_GeneratedMaterials/pine_tree/pine_tree_URP.mat,true,False,568105589213544168,-4.510726,2.13687,7.784333
Coast preview — generated  Play starts campaign/Coast environment/User_pine/User_pine(Clone)/Visual,True,Assets/GameArt/pine_tree/pine_tree.fbx,1946099,0,On,Assets/GameArt/_GeneratedMaterials/pine_tree/pine_tree_URP.mat,true,False,568105589213544152,34.4578362,2.13687,5.921223
Coast preview — generated  Play starts campaign/Coast environment/User_pine/User_pine(Clone)/Visual,True,Assets/GameArt/pine_tree/pine_tree.fbx,1946099,0,On,Assets/GameArt/_GeneratedMaterials/pine_tree/pine_tree_URP.mat,true,False,568105589213544136,-5.19362259,2.05351543,19.2519627
Coast preview — generated  Play starts campaign/Coast environment/User_pine/User_pine(Clone)/Visual,True,Assets/GameArt/pine_tree/pine_tree.fbx,1946099,0,On,Assets/GameArt/_GeneratedMaterials/pine_tree/pine_tree_URP.mat,true,False,568105589213544120,32.0083046,2.13687,6.09660625
Coast preview — generated  Play starts campaign/Coast environment/User_pine/User_pine(Clone)/Visual,True,Assets/GameArt/pine_tree/pine_tree.fbx,1946099,0,On,Assets/GameArt/_GeneratedMaterials/pine_tree/pine_tree_URP.mat,true,False,568105589213544104,-4.500438,2.00618958,22.28986
Coast preview — generated  Play starts campaign/Coast environment/User_pine/User_pine(Clone)/Visual,True,Assets/GameArt/pine_tree/pine_tree.fbx,1946099,0,On,Assets/GameArt/_GeneratedMaterials/pine_tree/pine_tree_URP.mat,true,False,568105589213544088,33.26258,2.13687,27.4546528
Coast preview — generated  Play starts campaign/Coast environment/User_pine/User_pine(Clone)/Visual,True,Assets/GameArt/pine_tree/pine_tree.fbx,1946099,0,On,Assets/GameArt/_GeneratedMaterials/pine_tree/pine_tree_URP.mat,true,False,568105589213544072,-5.07393026,2.003344,13.9688463
Coast preview — generated  Play starts campaign/Coast environment/User_pine/User_pine(Clone)/Visual,True,Assets/GameArt/pine_tree/pine_tree.fbx,1946099,0,On,Assets/GameArt/_GeneratedMaterials/pine_tree/pine_tree_URP.mat,true,False,568105589213544056,38.5536423,2.13687,9.699147
Coast preview — generated  Play starts campaign/Coast environment/User_pine/User_pine(Clone)/Visual,True,Assets/GameArt/pine_tree/pine_tree.fbx,1946099,0,On,Assets/GameArt/_GeneratedMaterials/pine_tree/pine_tree_URP.mat,true,False,568105589213544040,-10.7381315,1.94141448,6.25910425
Coast preview — generated  Play starts campaign/Coast environment/User_pine/User_pine(Clone)/Visual,True,Assets/GameArt/pine_tree/pine_tree.fbx,1946099,0,On,Assets/GameArt/_GeneratedMaterials/pine_tree/pine_tree_URP.mat,true,False,568105589213544024,36.2032242,1.91114867,15.2208271
Coast preview — generated  Play starts campaign/Coast environment/User_pine/User_pine(Clone)/Visual,True,Assets/GameArt/pine_tree/pine_tree.fbx,1946099,0,On,Assets/GameArt/_GeneratedMaterials/pine_tree/pine_tree_URP.mat,true,False,568105589213544008,-4.014296,2.13687,14.9686966
Coast preview — generated  Play starts campaign/Coast environment/User_pine/User_pine(Clone)/Visual,True,Assets/GameArt/pine_tree/pine_tree.fbx,1946099,0,On,Assets/GameArt/_GeneratedMaterials/pine_tree/pine_tree_URP.mat,true,False,568105589213543992,35.9361534,2.13687,23.0187874
Coast preview — generated  Play starts campaign/Coast environment/User_pine/User_pine(Clone)/Visual,True,Assets/GameArt/pine_tree/pine_tree.fbx,1946099,0,On,Assets/GameArt/_GeneratedMaterials/pine_tree/pine_tree_URP.mat,true,False,568105589213543976,-5.2068305,1.90691864,15.817153
Coast preview — generated  Play starts campaign/Coast environment/User_pine/User_pine(Clone)/Visual,True,Assets/GameArt/pine_tree/pine_tree.fbx,1946099,0,On,Assets/GameArt/_GeneratedMaterials/pine_tree/pine_tree_URP.mat,true,False,568105589213543960,33.07629,2.13687,19.2785931
Coast preview — generated  Play starts campaign/Coast environment/User_pine/User_pine(Clone)/Visual,True,Assets/GameArt/pine_tree/pine_tree.fbx,1946099,0,On,Assets/GameArt/_GeneratedMaterials/pine_tree/pine_tree_URP.mat,true,False,568105589213543944,-8.960221,2.13687,15.1191263
Coast preview — generated  Play starts campaign/Coast environment/User_pine/User_pine(Clone)/Visual,True,Assets/GameArt/pine_tree/pine_tree.fbx,1946099,0,On,Assets/GameArt/_GeneratedMaterials/pine_tree/pine_tree_URP.mat,true,False,568105589213543928,38.2982,2.13687,14.950016
Coast preview — generated  Play starts campaign/Coast environment/User_pine/User_pine(Clone)/Visual,True,Assets/GameArt/pine_tree/pine_tree.fbx,1946099,0,On,Assets/GameArt/_GeneratedMaterials/pine_tree/pine_tree_URP.mat,true,False,568105589213543912,-7.493791,2.01489758,11.3782063
Coast preview — generated  Play starts campaign/Coast environment/User_pine/User_pine(Clone)/Visual,True,Assets/GameArt/pine_tree/pine_tree.fbx,1946099,0,On,Assets/GameArt/_GeneratedMaterials/pine_tree/pine_tree_URP.mat,true,False,568105589213543896,38.9806328,2.02488637,15.6692314
Coast preview — generated  Play starts campaign/Coast environment/User_pine/User_pine(Clone)/Visual,True,Assets/GameArt/pine_tree/pine_tree.fbx,1946099,0,On,Assets/GameArt/_GeneratedMaterials/pine_tree/pine_tree_URP.mat,true,False,568105589213543880,-8.112861,2.13687,27.6708679
Coast preview — generated  Play starts campaign/Coast environment/User_pine/User_pine(Clone)/Visual,True,Assets/GameArt/pine_tree/pine_tree.fbx,1946099,0,On,Assets/GameArt/_GeneratedMaterials/pine_tree/pine_tree_URP.mat,true,False,568105589213543864,31.2446861,2.13687,12.542202
Coast preview — generated  Play starts campaign/Coast environment/User_pine/User_pine(Clone)/Visual,True,Assets/GameArt/pine_tree/pine_tree.fbx,1946099,0,On,Assets/GameArt/_GeneratedMaterials/pine_tree/pine_tree_URP.mat,true,False,568105589213543848,-8.415944,2.06840038,18.7573566
Coast preview — generated  Play starts campaign/Coast environment/User_pine/User_pine(Clone)/Visual,True,Assets/GameArt/pine_tree/pine_tree.fbx,1946099,0,On,Assets/GameArt/_GeneratedMaterials/pine_tree/pine_tree_URP.mat,true,False,568105589213543832,31.6225052,2.13687,24.4307
Coast preview — generated  Play starts campaign/Coast environment/User_pine/User_pine(Clone)/Visual,True,Assets/GameArt/pine_tree/pine_tree.fbx,1946099,0,On,Assets/GameArt/_GeneratedMaterials/pine_tree/pine_tree_URP.mat,true,False,568105589213543816,-7.43849564,2.13687,21.6308212
Coast preview — generated  Play starts campaign/Coast environment/User_pine/User_pine(Clone)/Visual,True,Assets/GameArt/pine_tree/pine_tree.fbx,1946099,0,On,Assets/GameArt/_GeneratedMaterials/pine_tree/pine_tree_URP.mat,true,False,568105589213543800,36.674015,2.13687,26.89566
Coast preview — generated  Play starts campaign/Coast environment/User_pine/User_pine(Clone)/Visual,True,Assets/GameArt/pine_tree/pine_tree.fbx,1946099,0,On,Assets/GameArt/_GeneratedMaterials/pine_tree/pine_tree_URP.mat,true,False,568105589213543784,-9.012808,2.13687,19.8251648
Coast preview — generated  Play starts campaign/Coast environment/User_pine/User_pine(Clone)/Visual,True,Assets/GameArt/pine_tree/pine_tree.fbx,1946099,0,On,Assets/GameArt/_GeneratedMaterials/pine_tree/pine_tree_URP.mat,true,False,568105589213543768,35.3377876,2.13687,16.82726
Coast preview — generated  Play starts campaign/Coast environment/User_pine/User_pine(Clone)/Visual,True,Assets/GameArt/pine_tree/pine_tree.fbx,1946099,0,On,Assets/GameArt/_GeneratedMaterials/pine_tree/pine_tree_URP.mat,true,False,568105589213543752,-4.645311,2.13687,8.467355
Coast preview — generated  Play starts campaign/Coast environment/User_pine/User_pine(Clone)/Visual,True,Assets/GameArt/pine_tree/pine_tree.fbx,1946099,0,On,Assets/GameArt/_GeneratedMaterials/pine_tree/pine_tree_URP.mat,true,False,568105589213543736,30.11617,2.11823654,17.05814
Coast preview — generated  Play starts campaign/Coast environment/User_pine/User_pine(Clone)/Visual,True,Assets/GameArt/pine_tree/pine_tree.fbx,1946099,0,On,Assets/GameArt/_GeneratedMaterials/pine_tree/pine_tree_URP.mat,true,False,568105589213543720,-8.862856,2.13687,6.161983
Coast preview — generated  Play starts campaign/Coast environment/User_pine/User_pine(Clone)/Visual,True,Assets/GameArt/pine_tree/pine_tree.fbx,1946099,0,On,Assets/GameArt/_GeneratedMaterials/pine_tree/pine_tree_URP.mat,true,False,568105589213543704,31.8980026,2.13687,7.545713
Coast preview — generated  Play starts campaign/Coast environment/User_pine/User_pine(Clone)/Visual,True,Assets/GameArt/pine_tree/pine_tree.fbx,1946099,0,On,Assets/GameArt/_GeneratedMaterials/pine_tree/pine_tree_URP.mat,true,False,568105589213543688,-8.133446,2.13687,23.19761
Coast preview — generated  Play starts campaign/Coast environment/User_pine/User_pine(Clone)/Visual,True,Assets/GameArt/pine_tree/pine_tree.fbx,1946099,0,On,Assets/GameArt/_GeneratedMaterials/pine_tree/pine_tree_URP.mat,true,False,568105589213543672,36.4799347,2.01469231,26.35702
Coast preview — generated  Play starts campaign/Coast environment/User_pine/User_pine(Clone)/Visual,True,Assets/GameArt/pine_tree/pine_tree.fbx,1946099,0,On,Assets/GameArt/_GeneratedMaterials/pine_tree/pine_tree_URP.mat,true,False,568105589213543656,18.9435387,2.06610441,34.7891121
Coast preview — generated  Play starts campaign/Coast environment/User_pine/User_pine(Clone)/Visual,True,Assets/GameArt/pine_tree/pine_tree.fbx,1946099,0,On,Assets/GameArt/_GeneratedMaterials/pine_tree/pine_tree_URP.mat,true,False,568105589213543640,29.7828445,1.924938,28.8533764
Coast preview — generated  Play starts campaign/Coast environment/User_pine/User_pine(Clone)/Visual,True,Assets/GameArt/pine_tree/pine_tree.fbx,1946099,0,On,Assets/GameArt/_GeneratedMaterials/pine_tree/pine_tree_URP.mat,true,False,568105589213543624,34.3116074,2.10141563,29.0907936
Coast preview — generated  Play starts campaign/Coast environment/User_pine/User_pine(Clone)/Visual,True,Assets/GameArt/pine_tree/pine_tree.fbx,1946099,0,On,Assets/GameArt/_GeneratedMaterials/pine_tree/pine_tree_URP.mat,true,False,568105589213543608,4.50823355,2.13687,27.6639061
Coast preview — generated  Play starts campaign/Coast environment/User_pine/User_pine(Clone)/Visual,True,Assets/GameArt/pine_tree/pine_tree.fbx,1946099,0,On,Assets/GameArt/_GeneratedMaterials/pine_tree/pine_tree_URP.mat,true,False,568105589213543592,10.7554045,2.13687,28.8212814
Coast preview — generated  Play starts campaign/Coast environment/User_pine/User_pine(Clone)/Visual,True,Assets/GameArt/pine_tree/pine_tree.fbx,1946099,0,On,Assets/GameArt/_GeneratedMaterials/pine_tree/pine_tree_URP.mat,true,False,568105589213543576,11.9902115,2.13687,37.0088425
Coast preview — generated  Play starts campaign/Coast environment/User_pine/User_pine(Clone)/Visual,True,Assets/GameArt/pine_tree/pine_tree.fbx,1946099,0,On,Assets/GameArt/_GeneratedMaterials/pine_tree/pine_tree_URP.mat,true,False,568105589213543560,18.46896,2.13687,33.1125526
Coast preview — generated  Play starts campaign/Coast environment/User_pine/User_pine(Clone)/Visual,True,Assets/GameArt/pine_tree/pine_tree.fbx,1946099,0,On,Assets/GameArt/_GeneratedMaterials/pine_tree/pine_tree_URP.mat,true,False,568105589213543544,30.992651,2.0885973,28.8088341
Coast preview — generated  Play starts campaign/Coast environment/User_pine/User_pine(Clone)/Visual,True,Assets/GameArt/pine_tree/pine_tree.fbx,1946099,0,On,Assets/GameArt/_GeneratedMaterials/pine_tree/pine_tree_URP.mat,true,False,568105589213543528,-6.527155,2.13687,34.3981056
Coast preview — generated  Play starts campaign/Coast environment/User_pine/User_pine(Clone)/Visual,True,Assets/GameArt/pine_tree/pine_tree.fbx,1946099,0,On,Assets/GameArt/_GeneratedMaterials/pine_tree/pine_tree_URP.mat,true,False,568105589213543512,5.506137,2.13687,34.3663177
Coast preview — generated  Play starts campaign/Coast environment/User_pine/User_pine(Clone)/Visual,True,Assets/GameArt/pine_tree/pine_tree.fbx,1946099,0,On,Assets/GameArt/_GeneratedMaterials/pine_tree/pine_tree_URP.mat,true,False,568105589213543496,-6.21164751,2.13687,28.2066345
Coast preview — generated  Play starts campaign/Coast environment/User_pine/User_pine(Clone)/Visual,True,Assets/GameArt/pine_tree/pine_tree.fbx,1946099,0,On,Assets/GameArt/_GeneratedMaterials/pine_tree/pine_tree_URP.mat,true,False,568105589213543480,29.8774052,2.13687,37.3402252
Coast preview — generated  Play starts campaign/Coast environment/User_pine/User_pine(Clone)/Visual,True,Assets/GameArt/pine_tree/pine_tree.fbx,1946099,0,On,Assets/GameArt/_GeneratedMaterials/pine_tree/pine_tree_URP.mat,true,False,568105589213543464,7.324205,2.13687,31.35862
Coast preview — generated  Play starts campaign/Coast environment/User_pine/User_pine(Clone)/Visual,True,Assets/GameArt/pine_tree/pine_tree.fbx,1946099,0,On,Assets/GameArt/_GeneratedMaterials/pine_tree/pine_tree_URP.mat,true,False,568105589213543448,6.95821476,2.13687,31.1882954
Coast preview — generated  Play starts campaign/Coast environment/User_pine/User_pine(Clone)/Visual,True,Assets/GameArt/pine_tree/pine_tree.fbx,1946099,0,On,Assets/GameArt/_GeneratedMaterials/pine_tree/pine_tree_URP.mat,true,False,568105589213543432,-2.06478786,2.13687,32.0862579
Coast preview — generated  Play starts campaign/Coast environment/User_pine/User_pine(Clone)/Visual,True,Assets/GameArt/pine_tree/pine_tree.fbx,1946099,0,On,Assets/GameArt/_GeneratedMaterials/pine_tree/pine_tree_URP.mat,true,False,568105589213543416,14.6229076,2.13687,27.9503136
Coast preview — generated  Play starts campaign/Coast environment/User_pine/User_pine(Clone)/Visual,True,Assets/GameArt/pine_tree/pine_tree.fbx,1946099,0,On,Assets/GameArt/_GeneratedMaterials/pine_tree/pine_tree_URP.mat,true,False,568105589213543400,-4.98342657,1.9272933,35.40983
Coast preview — generated  Play starts campaign/Coast environment/User_pine/User_pine(Clone)/Visual,True,Assets/GameArt/pine_tree/pine_tree.fbx,1946099,0,On,Assets/GameArt/_GeneratedMaterials/pine_tree/pine_tree_URP.mat,true,False,568105589213543384,6.498246,2.13687,27.27644
Coast preview — generated  Play starts campaign/Coast environment/User_pine/User_pine(Clone)/Visual,True,Assets/GameArt/pine_tree/pine_tree.fbx,1946099,0,On,Assets/GameArt/_GeneratedMaterials/pine_tree/pine_tree_URP.mat,true,False,568105589213543368,19.8471947,2.13687,37.96621
Coast preview — generated  Play starts campaign/Coast environment/User_pine/User_pine(Clone)/Visual,True,Assets/GameArt/pine_tree/pine_tree.fbx,1946099,0,On,Assets/GameArt/_GeneratedMaterials/pine_tree/pine_tree_URP.mat,true,False,568105589213543352,15.22998,2.13687,33.9391747
Coast preview — generated  Play starts campaign/Coast environment/User_pine/User_pine(Clone)/Visual,True,Assets/GameArt/pine_tree/pine_tree.fbx,1946099,0,On,Assets/GameArt/_GeneratedMaterials/pine_tree/pine_tree_URP.mat,true,False,568105589213543336,-5.5919466,2.13687,28.16138
Coast preview — generated  Play starts campaign/Coast environment/User_pine/User_pine(Clone)/Visual,True,Assets/GameArt/pine_tree/pine_tree.fbx,1946099,0,On,Assets/GameArt/_GeneratedMaterials/pine_tree/pine_tree_URP.mat,true,False,568105589213543320,6.61648655,1.99657357,34.696
Coast preview — generated  Play starts campaign/Coast environment/User_pine/User_pine(Clone)/Visual,True,Assets/GameArt/pine_tree/pine_tree.fbx,1946099,0,On,Assets/GameArt/_GeneratedMaterials/pine_tree/pine_tree_URP.mat,true,False,568105589213543304,7.641603,2.04667926,27.4036674
Coast preview — generated  Play starts campaign/Coast environment/User_pine/User_pine(Clone)/Visual,True,Assets/GameArt/pine_tree/pine_tree.fbx,1946099,0,On,Assets/GameArt/_GeneratedMaterials/pine_tree/pine_tree_URP.mat,true,False,568105589213543288,24.84882,1.90893435,29.7538223
Coast preview — generated  Play starts campaign/Coast environment/User_pine/User_pine(Clone)/Visual,True,Assets/GameArt/pine_tree/pine_tree.fbx,1946099,0,On,Assets/GameArt/_GeneratedMaterials/pine_tree/pine_tree_URP.mat,true,False,568105589213543272,28.64459,2.13687,33.6629372
Coast preview — generated  Play starts campaign/Coast environment/User_pine/User_pine(Clone)/Visual,True,Assets/GameArt/pine_tree/pine_tree.fbx,1946099,0,On,Assets/GameArt/_GeneratedMaterials/pine_tree/pine_tree_URP.mat,true,False,568105589213543256,31.4170933,2.09930348,37.82029
Coast preview — generated  Play starts campaign/Coast environment/User_pine/User_pine(Clone)/Visual,True,Assets/GameArt/pine_tree/pine_tree.fbx,1946099,0,On,Assets/GameArt/_GeneratedMaterials/pine_tree/pine_tree_URP.mat,true,False,568105589213543240,19.1393318,2.13687,28.2117538
Coast preview — generated  Play starts campaign/Coast environment/User_pine/User_pine(Clone)/Visual,True,Assets/GameArt/pine_tree/pine_tree.fbx,1946099,0,On,Assets/GameArt/_GeneratedMaterials/pine_tree/pine_tree_URP.mat,true,False,568105589213543224,24.7541065,2.053913,26.99565
Coast preview — generated  Play starts campaign/Coast environment/User_pine/User_pine(Clone)/Visual,True,Assets/GameArt/pine_tree/pine_tree.fbx,1946099,0,On,Assets/GameArt/_GeneratedMaterials/pine_tree/pine_tree_URP.mat,true,False,568105589213543208,22.7296619,2.12458968,29.3300323
Coast preview — generated  Play starts campaign/Coast environment/User_pine/User_pine(Clone)/Visual,True,Assets/GameArt/pine_tree/pine_tree.fbx,1946099,0,On,Assets/GameArt/_GeneratedMaterials/pine_tree/pine_tree_URP.mat,true,False,568105589213543192,19.81262,2.13687,36.5260429
Coast preview — generated  Play starts campaign/Coast environment/User_pine/User_pine(Clone)/Visual,True,Assets/GameArt/pine_tree/pine_tree.fbx,1946099,0,On,Assets/GameArt/_GeneratedMaterials/pine_tree/pine_tree_URP.mat,true,False,568105589213543176,21.4276257,2.1029985,31.4171066
Coast preview — generated  Play starts campaign/Coast environment/User_pine/User_pine(Clone)/Visual,True,Assets/GameArt/pine_tree/pine_tree.fbx,1946099,0,On,Assets/GameArt/_GeneratedMaterials/pine_tree/pine_tree_URP.mat,true,False,568105589213543160,32.62251,2.13687,26.4033127
Coast preview — generated  Play starts campaign/Coast environment/User_pine/User_pine(Clone)/Visual,True,Assets/GameArt/pine_tree/pine_tree.fbx,1946099,0,On,Assets/GameArt/_GeneratedMaterials/pine_tree/pine_tree_URP.mat,true,False,568105589213543144,34.46479,2.13687,35.8407631
Coast preview — generated  Play starts campaign/Coast environment/User_pine/User_pine(Clone)/Visual,True,Assets/GameArt/pine_tree/pine_tree.fbx,1946099,0,On,Assets/GameArt/_GeneratedMaterials/pine_tree/pine_tree_URP.mat,true,False,568105589213543128,24.7641182,2.13687,34.4654961
Coast preview — generated  Play starts campaign/Coast environment/User_pine/User_pine(Clone)/Visual,True,Assets/GameArt/pine_tree/pine_tree.fbx,1946099,0,On,Assets/GameArt/_GeneratedMaterials/pine_tree/pine_tree_URP.mat,true,False,568105589213543112,33.2640076,2.13687,29.4733753
Coast preview — generated  Play starts campaign/Coast environment/User_pine/User_pine(Clone)/Visual,True,Assets/GameArt/pine_tree/pine_tree.fbx,1946099,0,On,Assets/GameArt/_GeneratedMaterials/pine_tree/pine_tree_URP.mat,true,False,568105589213543096,29.9179821,2.13687,35.2657967
Coast preview — generated  Play starts campaign/Coast environment/User_pine/User_pine(Clone)/Visual,True,Assets/GameArt/pine_tree/pine_tree.fbx,1946099,0,On,Assets/GameArt/_GeneratedMaterials/pine_tree/pine_tree_URP.mat,true,False,568105589213543080,32.73023,1.97445512,34.4848366
Coast preview — generated  Play starts campaign/Coast environment/User_pine/User_pine(Clone)/Visual,True,Assets/GameArt/pine_tree/pine_tree.fbx,1946099,0,On,Assets/GameArt/_GeneratedMaterials/pine_tree/pine_tree_URP.mat,true,False,568105589213543064,-4.34247541,2.09606361,34.1025352
Coast preview — generated  Play starts campaign/Coast environment/User_pine/User_pine(Clone)/Visual,True,Assets/GameArt/pine_tree/pine_tree.fbx,1946099,0,On,Assets/GameArt/_GeneratedMaterials/pine_tree/pine_tree_URP.mat,true,False,568105589213543048,1.95607233,2.13687,32.9835472
Coast preview — generated  Play starts campaign/Coast environment/User_pine/User_pine(Clone)/Visual,True,Assets/GameArt/pine_tree/pine_tree.fbx,1946099,0,On,Assets/GameArt/_GeneratedMaterials/pine_tree/pine_tree_URP.mat,true,False,568105589213543032,24.8977547,2.13687,26.2044048
Coast preview — generated  Play starts campaign/Coast environment/User_pine/User_pine(Clone)/Visual,True,Assets/GameArt/pine_tree/pine_tree.fbx,1946099,0,On,Assets/GameArt/_GeneratedMaterials/pine_tree/pine_tree_URP.mat,true,False,568105589213543016,0.5,1.71759677,22.5
Coast preview — generated  Play starts campaign/Coast environment/User_pine/User_pine(Clone)/Visual,True,Assets/GameArt/pine_tree/pine_tree.fbx,1946099,0,On,Assets/GameArt/_GeneratedMaterials/pine_tree/pine_tree_URP.mat,true,False,568105589213543000,0.5,1.71759677,23.5
Coast preview — generated  Play starts campaign/Coast environment/User_pine/User_pine(Clone)/Visual,True,Assets/GameArt/pine_tree/pine_tree.fbx,1946099,0,On,Assets/GameArt/_GeneratedMaterials/pine_tree/pine_tree_URP.mat,true,False,568105589213542984,1.5,1.60119569,22.5
Coast preview — generated  Play starts campaign/Coast environment/User_pine/User_pine(Clone)/Visual,True,Assets/GameArt/pine_tree/pine_tree.fbx,1946099,0,On,Assets/GameArt/_GeneratedMaterials/pine_tree/pine_tree_URP.mat,true,False,568105589213542968,1.5,1.70052171,23.5
Coast preview — generated  Play starts campaign/Coast environment/User_pine/User_pine(Clone)/Visual,True,Assets/GameArt/pine_tree/pine_tree.fbx,1946099,0,On,Assets/GameArt/_GeneratedMaterials/pine_tree/pine_tree_URP.mat,true,False,568105589213542952,2.5,1.62075,22.5
Coast preview — generated  Play starts campaign/Coast environment/User_pine/User_pine(Clone)/Visual,True,Assets/GameArt/pine_tree/pine_tree.fbx,1946099,0,On,Assets/GameArt/_GeneratedMaterials/pine_tree/pine_tree_URP.mat,true,False,568105589213542936,2.5,1.71759677,23.5
Coast preview — generated  Play starts campaign/Coast environment/User_pine/User_pine(Clone)/Visual,True,Assets/GameArt/pine_tree/pine_tree.fbx,1946099,0,On,Assets/GameArt/_GeneratedMaterials/pine_tree/pine_tree_URP.mat,true,False,568105589213542920,3.5,1.71759677,22.5
Coast preview — generated  Play starts campaign/Coast environment/User_pine/User_pine(Clone)/Visual,True,Assets/GameArt/pine_tree/pine_tree.fbx,1946099,0,On,Assets/GameArt/_GeneratedMaterials/pine_tree/pine_tree_URP.mat,true,False,568105589213542904,3.5,1.71759677,23.5
Coast preview — generated  Play starts campaign/Coast environment/User_pine/User_pine(Clone)/Visual,True,Assets/GameArt/pine_tree/pine_tree.fbx,1946099,0,On,Assets/GameArt/_GeneratedMaterials/pine_tree/pine_tree_URP.mat,true,False,568105589213542888,4.5,1.71759677,22.5
Coast preview — generated  Play starts campaign/Coast environment/User_pine/User_pine(Clone)/Visual,True,Assets/GameArt/pine_tree/pine_tree.fbx,1946099,0,On,Assets/GameArt/_GeneratedMaterials/pine_tree/pine_tree_URP.mat,true,False,568105589213542872,4.5,1.71759677,23.5
Coast preview — generated  Play starts campaign/Coast environment/User_pine/User_pine(Clone)/Visual,True,Assets/GameArt/pine_tree/pine_tree.fbx,1946099,0,On,Assets/GameArt/_GeneratedMaterials/pine_tree/pine_tree_URP.mat,true,False,568105589213542856,5.5,1.71759677,22.5
Coast preview — generated  Play starts campaign/Coast environment/User_pine/User_pine(Clone)/Visual,True,Assets/GameArt/pine_tree/pine_tree.fbx,1946099,0,On,Assets/GameArt/_GeneratedMaterials/pine_tree/pine_tree_URP.mat,true,False,568105589213542840,5.5,1.71759677,23.5
Coast preview — generated  Play starts campaign/Coast environment/User_pine/User_pine(Clone)/Visual,True,Assets/GameArt/pine_tree/pine_tree.fbx,1946099,0,On,Assets/GameArt/_GeneratedMaterials/pine_tree/pine_tree_URP.mat,true,False,568105589213542824,6.5,1.71759677,22.5
Coast preview — generated  Play starts campaign/Coast environment/User_pine/User_pine(Clone)/Visual,True,Assets/GameArt/pine_tree/pine_tree.fbx,1946099,0,On,Assets/GameArt/_GeneratedMaterials/pine_tree/pine_tree_URP.mat,true,False,568105589213542808,6.5,1.71759677,23.5
Coast preview — generated  Play starts campaign/Coast environment/User_pine/User_pine(Clone)/Visual,True,Assets/GameArt/pine_tree/pine_tree.fbx,1946099,0,On,Assets/GameArt/_GeneratedMaterials/pine_tree/pine_tree_URP.mat,true,False,568105589213542792,7.5,1.71759677,22.5
Coast preview — generated  Play starts campaign/Coast environment/User_pine/User_pine(Clone)/Visual,True,Assets/GameArt/pine_tree/pine_tree.fbx,1946099,0,On,Assets/GameArt/_GeneratedMaterials/pine_tree/pine_tree_URP.mat,true,False,568105589213542776,7.5,1.60372555,23.5
Coast preview — generated  Play starts campaign/Coast environment/User_pine/User_pine(Clone)/Visual,True,Assets/GameArt/pine_tree/pine_tree.fbx,1946099,0,On,Assets/GameArt/_GeneratedMaterials/pine_tree/pine_tree_URP.mat,true,False,568105589213542760,8.5,1.71759677,22.5
Coast preview — generated  Play starts campaign/Coast environment/User_pine/User_pine(Clone)/Visual,True,Assets/GameArt/pine_tree/pine_tree.fbx,1946099,0,On,Assets/GameArt/_GeneratedMaterials/pine_tree/pine_tree_URP.mat,true,False,568105589213542744,8.5,1.71759677,23.5
Coast preview — generated  Play starts campaign/Coast environment/User_pine/User_pine(Clone)/Visual,True,Assets/GameArt/pine_tree/pine_tree.fbx,1946099,0,On,Assets/GameArt/_GeneratedMaterials/pine_tree/pine_tree_URP.mat,true,False,568105589213542728,9.5,1.71759677,18.5
Coast preview — generated  Play starts campaign/Coast environment/User_pine/User_pine(Clone)/Visual,True,Assets/GameArt/pine_tree/pine_tree.fbx,1946099,0,On,Assets/GameArt/_GeneratedMaterials/pine_tree/pine_tree_URP.mat,true,False,568105589213542712,9.5,1.71759677,21.5
Coast preview — generated  Play starts campaign/Coast environment/User_pine/User_pine(Clone)/Visual,True,Assets/GameArt/pine_tree/pine_tree.fbx,1946099,0,On,Assets/GameArt/_GeneratedMaterials/pine_tree/pine_tree_URP.mat,true,False,568105589213542696,9.5,1.71759677,22.5
Coast preview — generated  Play starts campaign/Coast environment/User_pine/User_pine(Clone)/Visual,True,Assets/GameArt/pine_tree/pine_tree.fbx,1946099,0,On,Assets/GameArt/_GeneratedMaterials/pine_tree/pine_tree_URP.mat,true,False,568105589213542680,9.5,1.71759677,23.5
Coast preview — generated  Play starts campaign/Coast environment/User_pine/User_pine(Clone)/Visual,True,Assets/GameArt/pine_tree/pine_tree.fbx,1946099,0,On,Assets/GameArt/_GeneratedMaterials/pine_tree/pine_tree_URP.mat,true,False,568105589213542664,10.5,1.71759677,22.5
Coast preview — generated  Play starts campaign/Coast environment/User_pine/User_pine(Clone)/Visual,True,Assets/GameArt/pine_tree/pine_tree.fbx,1946099,0,On,Assets/GameArt/_GeneratedMaterials/pine_tree/pine_tree_URP.mat,true,False,568105589213542648,10.5,1.71759677,23.5
Coast preview — generated  Play starts campaign/Coast environment/User_pine/User_pine(Clone)/Visual,True,Assets/GameArt/pine_tree/pine_tree.fbx,1946099,0,On,Assets/GameArt/_GeneratedMaterials/pine_tree/pine_tree_URP.mat,true,False,568105589213542632,18.5,1.71759677,22.5
Coast preview — generated  Play starts campaign/Coast environment/User_pine/User_pine(Clone)/Visual,True,Assets/GameArt/pine_tree/pine_tree.fbx,1946099,0,On,Assets/GameArt/_GeneratedMaterials/pine_tree/pine_tree_URP.mat,true,False,568105589213542616,18.5,1.69152808,23.5
Coast preview — generated  Play starts campaign/Coast environment/User_pine/User_pine(Clone)/Visual,True,Assets/GameArt/pine_tree/pine_tree.fbx,1946099,0,On,Assets/GameArt/_GeneratedMaterials/pine_tree/pine_tree_URP.mat,true,False,568105589213542600,19.5,1.71759677,18.5
Coast preview — generated  Play starts campaign/Coast environment/User_pine/User_pine(Clone)/Visual,True,Assets/GameArt/pine_tree/pine_tree.fbx,1946099,0,On,Assets/GameArt/_GeneratedMaterials/pine_tree/pine_tree_URP.mat,true,False,568105589213542584,19.5,1.71759677,21.5
Coast preview — generated  Play starts campaign/Coast environment/User_pine/User_pine(Clone)/Visual,True,Assets/GameArt/pine_tree/pine_tree.fbx,1946099,0,On,Assets/GameArt/_GeneratedMaterials/pine_tree/pine_tree_URP.mat,true,False,568105589213542568,19.5,1.71759677,22.5
Coast preview — generated  Play starts campaign/Coast environment/User_pine/User_pine(Clone)/Visual,True,Assets/GameArt/pine_tree/pine_tree.fbx,1946099,0,On,Assets/GameArt/_GeneratedMaterials/pine_tree/pine_tree_URP.mat,true,False,568105589213542552,19.5,1.71759677,23.5
Coast preview — generated  Play starts campaign/Coast environment/User_pine/User_pine(Clone)/Visual,True,Assets/GameArt/pine_tree/pine_tree.fbx,1946099,0,On,Assets/GameArt/_GeneratedMaterials/pine_tree/pine_tree_URP.mat,true,False,568105589213542536,20.5,1.71759677,22.5
Coast preview — generated  Play starts campaign/Coast environment/User_pine/User_pine(Clone)/Visual,True,Assets/GameArt/pine_tree/pine_tree.fbx,1946099,0,On,Assets/GameArt/_GeneratedMaterials/pine_tree/pine_tree_URP.mat,true,False,568105589213542520,20.5,1.61594415,23.5
Coast preview — generated  Play starts campaign/Coast environment/User_pine/User_pine(Clone)/Visual,True,Assets/GameArt/pine_tree/pine_tree.fbx,1946099,0,On,Assets/GameArt/_GeneratedMaterials/pine_tree/pine_tree_URP.mat,true,False,568105589213542504,21.5,1.68288541,22.5
Coast preview — generated  Play starts campaign/Coast environment/User_pine/User_pine(Clone)/Visual,True,Assets/GameArt/pine_tree/pine_tree.fbx,1946099,0,On,Assets/GameArt/_GeneratedMaterials/pine_tree/pine_tree_URP.mat,true,False,568105589213542488,21.5,1.71759677,23.5
Coast preview — generated  Play starts campaign/Coast environment/User_pine/User_pine(Clone)/Visual,True,Assets/GameArt/pine_tree/pine_tree.fbx,1946099,0,On,Assets/GameArt/_GeneratedMaterials/pine_tree/pine_tree_URP.mat,true,False,568105589213542472,22.5,1.61148369,22.5
Coast preview — generated  Play starts campaign/Coast environment/User_pine/User_pine(Clone)/Visual,True,Assets/GameArt/pine_tree/pine_tree.fbx,1946099,0,On,Assets/GameArt/_GeneratedMaterials/pine_tree/pine_tree_URP.mat,true,False,568105589213542456,22.5,1.71759677,23.5
Coast preview — generated  Play starts campaign/Coast environment/User_pine/User_pine(Clone)/Visual,True,Assets/GameArt/pine_tree/pine_tree.fbx,1946099,0,On,Assets/GameArt/_GeneratedMaterials/pine_tree/pine_tree_URP.mat,true,False,568105589213542440,23.5,1.71759677,22.5
Coast preview — generated  Play starts campaign/Coast environment/User_pine/User_pine(Clone)/Visual,True,Assets/GameArt/pine_tree/pine_tree.fbx,1946099,0,On,Assets/GameArt/_GeneratedMaterials/pine_tree/pine_tree_URP.mat,true,False,568105589213542424,23.5,1.71759677,23.5
Coast preview — generated  Play starts campaign/Coast environment/User_pine/User_pine(Clone)/Visual,True,Assets/GameArt/pine_tree/pine_tree.fbx,1946099,0,On,Assets/GameArt/_GeneratedMaterials/pine_tree/pine_tree_URP.mat,true,False,568105589213542408,24.5,1.71759677,22.5
Coast preview — generated  Play starts campaign/Coast environment/User_pine/User_pine(Clone)/Visual,True,Assets/GameArt/pine_tree/pine_tree.fbx,1946099,0,On,Assets/GameArt/_GeneratedMaterials/pine_tree/pine_tree_URP.mat,true,False,568105589213542392,24.5,1.69430971,23.5
Coast preview — generated  Play starts campaign/Coast environment/User_pine/User_pine(Clone)/Visual,True,Assets/GameArt/pine_tree/pine_tree.fbx,1946099,0,On,Assets/GameArt/_GeneratedMaterials/pine_tree/pine_tree_URP.mat,true,False,568105589213542376,25.5,1.71759677,22.5
Coast preview — generated  Play starts campaign/Coast environment/User_pine/User_pine(Clone)/Visual,True,Assets/GameArt/pine_tree/pine_tree.fbx,1946099,0,On,Assets/GameArt/_GeneratedMaterials/pine_tree/pine_tree_URP.mat,true,False,568105589213542360,25.5,1.71759677,23.5
Coast preview — generated  Play starts campaign/Coast environment/User_pine/User_pine(Clone)/Visual,True,Assets/GameArt/pine_tree/pine_tree.fbx,1946099,0,On,Assets/GameArt/_GeneratedMaterials/pine_tree/pine_tree_URP.mat,true,False,568105589213542344,26.5,1.70760167,22.5
Coast preview — generated  Play starts campaign/Coast environment/User_pine/User_pine(Clone)/Visual,True,Assets/GameArt/pine_tree/pine_tree.fbx,1946099,0,On,Assets/GameArt/_GeneratedMaterials/pine_tree/pine_tree_URP.mat,true,False,568105589213542328,26.5,1.6922549,23.5
Coast preview — generated  Play starts campaign/Coast environment/User_pine/User_pine(Clone)/Visual,True,Assets/GameArt/pine_tree/pine_tree.fbx,1946099,0,On,Assets/GameArt/_GeneratedMaterials/pine_tree/pine_tree_URP.mat,true,False,568105589213542312,27.5,1.71759677,22.5
Coast preview — generated  Play starts campaign/Coast environment/User_pine/User_pine(Clone)/Visual,True,Assets/GameArt/pine_tree/pine_tree.fbx,1946099,0,On,Assets/GameArt/_GeneratedMaterials/pine_tree/pine_tree_URP.mat,true,False,568105589213542296,27.5,1.6086427,23.5
Coast preview — generated  Play starts campaign/Living menu/User_pine/User_pine(Clone)/Visual,False,Assets/GameArt/pine_tree/pine_tree.fbx,1946099,0,On,Assets/GameArt/_GeneratedMaterials/pine_tree/pine_tree_URP.mat,true,False,568105589213530300,105.106941,2.5,20.7897224
Coast preview — generated  Play starts campaign/Living menu/User_pine/User_pine(Clone)/Visual,False,Assets/GameArt/pine_tree/pine_tree.fbx,1946099,0,On,Assets/GameArt/_GeneratedMaterials/pine_tree/pine_tree_URP.mat,true,False,568105589213530284,118.175537,3,17.8979282
Coast preview — generated  Play starts campaign/Living menu/User_pine/User_pine(Clone)/Visual,False,Assets/GameArt/pine_tree/pine_tree.fbx,1946099,0,On,Assets/GameArt/_GeneratedMaterials/pine_tree/pine_tree_URP.mat,true,False,568105589213530268,109.386421,3.26659226,19.9504967
Coast preview — generated  Play starts campaign/Living menu/User_pine/User_pine(Clone)/Visual,False,Assets/GameArt/pine_tree/pine_tree.fbx,1946099,0,On,Assets/GameArt/_GeneratedMaterials/pine_tree/pine_tree_URP.mat,true,False,568105589213530252,92.37457,2.60253763,16.7276268
Coast preview — generated  Play starts campaign/Living menu/User_pine/User_pine(Clone)/Visual,False,Assets/GameArt/pine_tree/pine_tree.fbx,1946099,0,On,Assets/GameArt/_GeneratedMaterials/pine_tree/pine_tree_URP.mat,true,False,568105589213530236,98.59509,2.5,20.2097149
Coast preview — generated  Play starts campaign/Living menu/User_pine/User_pine(Clone)/Visual,False,Assets/GameArt/pine_tree/pine_tree.fbx,1946099,0,On,Assets/GameArt/_GeneratedMaterials/pine_tree/pine_tree_URP.mat,true,False,568105589213530220,120.12085,2.43600488,17.051363
Coast preview — generated  Play starts campaign/Living menu/User_pine/User_pine(Clone)/Visual,False,Assets/GameArt/pine_tree/pine_tree.fbx,1946099,0,On,Assets/GameArt/_GeneratedMaterials/pine_tree/pine_tree_URP.mat,true,False,568105589213530204,103.065376,2.87901,14.1261635
Coast preview — generated  Play starts campaign/Living menu/User_pine/User_pine(Clone)/Visual,False,Assets/GameArt/pine_tree/pine_tree.fbx,1946099,0,On,Assets/GameArt/_GeneratedMaterials/pine_tree/pine_tree_URP.mat,true,False,568105589213530188,94.80393,2.701096,14.5992193
Coast preview — generated  Play starts campaign/Living menu/User_pine/User_pine(Clone)/Visual,False,Assets/GameArt/pine_tree/pine_tree.fbx,1946099,0,On,Assets/GameArt/_GeneratedMaterials/pine_tree/pine_tree_URP.mat,true,False,568105589213530172,114.625969,2.5,15.4134874
Coast preview — generated  Play starts campaign/Living menu/User_pine/User_pine(Clone)/Visual,False,Assets/GameArt/pine_tree/pine_tree.fbx,1946099,0,On,Assets/GameArt/_GeneratedMaterials/pine_tree/pine_tree_URP.mat,true,False,568105589213530156,120.533974,2.4273634,16.9793415
Coast preview — generated  Play starts campaign/Living menu/User_pine/User_pine(Clone)/Visual,False,Assets/GameArt/pine_tree/pine_tree.fbx,1946099,0,On,Assets/GameArt/_GeneratedMaterials/pine_tree/pine_tree_URP.mat,true,False,568105589213530140,98.82673,2.208651,17.00723
Coast preview — generated  Play starts campaign/Living menu/User_pine/User_pine(Clone)/Visual,False,Assets/GameArt/pine_tree/pine_tree.fbx,1946099,0,On,Assets/GameArt/_GeneratedMaterials/pine_tree/pine_tree_URP.mat,true,False,568105589213530124,113.572441,2.34569263,19.94983
Coast preview — generated  Play starts campaign/Living menu/User_pine/User_pine(Clone)/Visual,False,Assets/GameArt/pine_tree/pine_tree.fbx,1946099,0,On,Assets/GameArt/_GeneratedMaterials/pine_tree/pine_tree_URP.mat,true,False,568105589213530108,113.980164,2.5,18.9620724
Coast preview — generated  Play starts campaign/Living menu/User_pine/User_pine(Clone)/Visual,False,Assets/GameArt/pine_tree/pine_tree.fbx,1946099,0,On,Assets/GameArt/_GeneratedMaterials/pine_tree/pine_tree_URP.mat,true,False,568105589213530092,91.1491547,2.92840242,16.0527077
Coast preview — generated  Play starts campaign/Living menu/User_pine/User_pine(Clone)/Visual,False,Assets/GameArt/pine_tree/pine_tree.fbx,1946099,0,On,Assets/GameArt/_GeneratedMaterials/pine_tree/pine_tree_URP.mat,true,False,568105589213530076,113.771271,2.2860918,15.8819351
Coast preview — generated  Play starts campaign/Living menu/User_pine/User_pine(Clone)/Visual,False,Assets/GameArt/pine_tree/pine_tree.fbx,1946099,0,On,Assets/GameArt/_GeneratedMaterials/pine_tree/pine_tree_URP.mat,true,False,568105589213530060,111.686104,3.677341,19.0152168
Coast preview — generated  Play starts campaign/Living menu/User_pine/User_pine(Clone)/Visual,False,Assets/GameArt/pine_tree/pine_tree.fbx,1946099,0,On,Assets/GameArt/_GeneratedMaterials/pine_tree/pine_tree_URP.mat,true,False,568105589213530044,127.168045,2.18944025,17.22424
Coast preview — generated  Play starts campaign/Living menu/User_pine/User_pine(Clone)/Visual,False,Assets/GameArt/pine_tree/pine_tree.fbx,1946099,0,On,Assets/GameArt/_GeneratedMaterials/pine_tree/pine_tree_URP.mat,true,False,568105589213530028,120.082222,2.644203,16.394968
Coast preview — generated  Play starts campaign/Living menu/User_pine/User_pine(Clone)/Visual,False,Assets/GameArt/pine_tree/pine_tree.fbx,1946099,0,On,Assets/GameArt/_GeneratedMaterials/pine_tree/pine_tree_URP.mat,true,False,568105589213530012,96.34158,3.49999976,15.6026907
Coast preview — generated  Play starts campaign/Living menu/User_pine/User_pine(Clone)/Visual,False,Assets/GameArt/pine_tree/pine_tree.fbx,1946099,0,On,Assets/GameArt/_GeneratedMaterials/pine_tree/pine_tree_URP.mat,true,False,568105589213529996,99.66229,2.74360418,14.5521545
Coast preview — generated  Play starts campaign/Living menu/User_pine/User_pine(Clone)/Visual,False,Assets/GameArt/pine_tree/pine_tree.fbx,1946099,0,On,Assets/GameArt/_GeneratedMaterials/pine_tree/pine_tree_URP.mat,true,False,568105589213529980,101.911079,2.5,19.2659359
Coast preview — generated  Play starts campaign/Living menu/User_pine/User_pine(Clone)/Visual,False,Assets/GameArt/pine_tree/pine_tree.fbx,1946099,0,On,Assets/GameArt/_GeneratedMaterials/pine_tree/pine_tree_URP.mat,true,False,568105589213529964,113.091484,3,19.9963322
Coast preview — generated  Play starts campaign/Living menu/User_pine/User_pine(Clone)/Visual,False,Assets/GameArt/pine_tree/pine_tree.fbx,1946099,0,On,Assets/GameArt/_GeneratedMaterials/pine_tree/pine_tree_URP.mat,true,False,568105589213529948,101.368492,2.20033717,18.6701889
Coast preview — generated  Play starts campaign/Living menu/User_pine/User_pine(Clone)/Visual,False,Assets/GameArt/pine_tree/pine_tree.fbx,1946099,0,On,Assets/GameArt/_GeneratedMaterials/pine_tree/pine_tree_URP.mat,true,False,568105589213529932,97.5174561,3.37974429,14.9552183
Coast preview — generated  Play starts campaign/Living menu/User_pine/User_pine(Clone)/Visual,False,Assets/GameArt/pine_tree/pine_tree.fbx,1946099,0,On,Assets/GameArt/_GeneratedMaterials/pine_tree/pine_tree_URP.mat,true,False,568105589213529916,114.717865,2.5,15.8536339
Coast preview — generated  Play starts campaign/Living menu/User_pine/User_pine(Clone)/Visual,False,Assets/GameArt/pine_tree/pine_tree.fbx,1946099,0,On,Assets/GameArt/_GeneratedMaterials/pine_tree/pine_tree_URP.mat,true,False,568105589213529900,134.699814,3,18.0495243
Coast preview — generated  Play starts campaign/Living menu/User_pine/User_pine(Clone)/Visual,False,Assets/GameArt/pine_tree/pine_tree.fbx,1946099,0,On,Assets/GameArt/_GeneratedMaterials/pine_tree/pine_tree_URP.mat,true,False,568105589213529884,101.924393,2.966774,14.4573126
Coast preview — generated  Play starts campaign/Living menu/User_pine/User_pine(Clone)/Visual,False,Assets/GameArt/pine_tree/pine_tree.fbx,1946099,0,On,Assets/GameArt/_GeneratedMaterials/pine_tree/pine_tree_URP.mat,true,False,568105589213529868,111.079361,3.786558,19.9680328
Coast preview — generated  Play starts campaign/Living menu/User_pine/User_pine(Clone)/Visual,False,Assets/GameArt/pine_tree/pine_tree.fbx,1946099,0,On,Assets/GameArt/_GeneratedMaterials/pine_tree/pine_tree_URP.mat,true,False,568105589213529852,97.2629852,2.28639269,17.69359
Coast preview — generated  Play starts campaign/Living menu/User_pine/User_pine(Clone)/Visual,False,Assets/GameArt/pine_tree/pine_tree.fbx,1946099,0,On,Assets/GameArt/_GeneratedMaterials/pine_tree/pine_tree_URP.mat,true,False,568105589213529836,124.534729,3,16.680357
Coast preview — generated  Play starts campaign/Living menu/User_pine/User_pine(Clone)/Visual,False,Assets/GameArt/pine_tree/pine_tree.fbx,1946099,0,On,Assets/GameArt/_GeneratedMaterials/pine_tree/pine_tree_URP.mat,true,False,568105589213529820,101.700867,3.213832,16.2272243
Coast preview — generated  Play starts campaign/Living menu/User_pine/User_pine(Clone)/Visual,False,Assets/GameArt/pine_tree/pine_tree.fbx,1946099,0,On,Assets/GameArt/_GeneratedMaterials/pine_tree/pine_tree_URP.mat,true,False,568105589213529804,104.185028,3.061651,19.325922
Coast preview — generated  Play starts campaign/Living menu/User_pine/User_pine(Clone)/Visual,False,Assets/GameArt/pine_tree/pine_tree.fbx,1946099,0,On,Assets/GameArt/_GeneratedMaterials/pine_tree/pine_tree_URP.mat,true,False,568105589213529788,92.7356644,2.5,14.1057444
Coast preview — generated  Play starts campaign/Living menu/User_pine/User_pine(Clone)/Visual,False,Assets/GameArt/pine_tree/pine_tree.fbx,1946099,0,On,Assets/GameArt/_GeneratedMaterials/pine_tree/pine_tree_URP.mat,true,False,568105589213529772,96.7255,2.22113013,15.6049623
Coast preview — generated  Play starts campaign/Living menu/User_pine/User_pine(Clone)/Visual,False,Assets/GameArt/pine_tree/pine_tree.fbx,1946099,0,On,Assets/GameArt/_GeneratedMaterials/pine_tree/pine_tree_URP.mat,true,False,568105589213529756,129.87999,2.69099617,18.6123142
Coast preview — generated  Play starts campaign/Living menu/User_pine/User_pine(Clone)/Visual,False,Assets/GameArt/pine_tree/pine_tree.fbx,1946099,0,On,Assets/GameArt/_GeneratedMaterials/pine_tree/pine_tree_URP.mat,true,False,568105589213529740,104.666962,2.26907086,14.8344564
Coast preview — generated  Play starts campaign/Living menu/User_pine/User_pine(Clone)/Visual,False,Assets/GameArt/pine_tree/pine_tree.fbx,1946099,0,On,Assets/GameArt/_GeneratedMaterials/pine_tree/pine_tree_URP.mat,true,False,568105589213529724,116.739738,2.5,15.0331631
Coast preview — generated  Play starts campaign/Living menu/User_pine/User_pine(Clone)/Visual,False,Assets/GameArt/pine_tree/pine_tree.fbx,1946099,0,On,Assets/GameArt/_GeneratedMaterials/pine_tree/pine_tree_URP.mat,true,False,568105589213529708,94.0421143,2.1600318,20.6481171
Coast preview — generated  Play starts campaign/Living menu/User_pine/User_pine(Clone)/Visual,False,Assets/GameArt/pine_tree/pine_tree.fbx,1946099,0,On,Assets/GameArt/_GeneratedMaterials/pine_tree/pine_tree_URP.mat,true,False,568105589213529692,130.125381,3.49999976,19.573822
Coast preview — generated  Play starts campaign/Living menu/User_pine/User_pine(Clone)/Visual,False,Assets/GameArt/pine_tree/pine_tree.fbx,1946099,0,On,Assets/GameArt/_GeneratedMaterials/pine_tree/pine_tree_URP.mat,true,False,568105589213529676,111.674629,2.69923067,16.4622116
