"Path","Hash"
"D:\project unity\The Gloom of Blackwood\Assets\GameArt\AutoTurret.meta","0B14101B4FED8459760EE08D4CE176492A990DBE43FAAB13FE8A94D5D4309922"
"D:\project unity\The Gloom of Blackwood\Assets\GameArt\Barrier.meta","6A9ACEA30AF359BD9C345472BEC55FC66482FD54D3A61B5AD353A8D03BE26330"
"D:\project unity\The Gloom of Blackwood\Assets\GameArt\Drone.meta","8A2D798AE85DC30C0A4376034AAB45677E46411AEC668B6A2AA465085D4A0C4E"
"D:\project unity\The Gloom of Blackwood\Assets\GameArt\ElectricTurret.meta","D6214CEA5387BBE2AC8CB65BA77AD44646961E48672FA8F3347A82790F358B67"
"D:\project unity\The Gloom of Blackwood\Assets\GameArt\GroundTile_01.meta","B282A1D41C9BDE4C1F36FB0C4BBE49E3BD1BDBA02FBFC9FFA280D6E7B383F26E"
"D:\project unity\The Gloom of Blackwood\Assets\GameArt\Landing_Platfor.meta","DF8DD7E847AEF56BE0E1F1218A08A94D1FD6C2C13690271D63C57E06141F5F29"
"D:\project unity\The Gloom of Blackwood\Assets\GameArt\MainShelter.meta","0C72D38262506906810AF0387D561A99A3A704A9C612A1FD69FF2D34C6A28D17"
"D:\project unity\The Gloom of Blackwood\Assets\GameArt\pine_tree.meta","D5AE1528924B5E685B791B76EAF3CBEDE48C2D92AD4317B87647EB16E21413E2"
"D:\project unity\The Gloom of Blackwood\Assets\GameArt\PowerStation.meta","24E361BBE9EEC8F209F8E26A270B26631B625C8A0620AEDBC2C3F811CE6ED782"
"D:\project unity\The Gloom of Blackwood\Assets\GameArt\ResearchLab.meta","C85B9EC0076FF033E4F81BCD6E7223BB296A6B670B14F3CB464F3AA850BC2A3D"
"D:\project unity\The Gloom of Blackwood\Assets\GameArt\RockPile_01.meta","46AFEA5E68CD224C497ED2C14590E1D4F619818CD032DD365DE41267AC69731B"
"D:\project unity\The Gloom of Blackwood\Assets\GameArt\scifi_bunker.meta","01EABEC7C94E2E2B3ED077389A83258C57EC2B4FF2F4098BF027840A81AC0694"
"D:\project unity\The Gloom of Blackwood\Assets\GameArt\AutoTurret\AutoTurret.fbx","E6D96C812243FCC4114A860BC807226EA22DABE57337FFF1C254E534B76DA9FF"
"D:\project unity\The Gloom of Blackwood\Assets\GameArt\AutoTurret\AutoTurret.fbx.meta","ADA3EE75AE9F0C72BB3A60ECA038579B6CAC163765C4EF5FC68AE71CAA515F49"
"D:\project unity\The Gloom of Blackwood\Assets\GameArt\AutoTurret\AutoTurret2.fbx","DDCE1B063ED0CAD5312E960B7039CA8F6E693B5A0D9A1BA61B6B7A1AD6617E45"
"D:\project unity\The Gloom of Blackwood\Assets\GameArt\AutoTurret\AutoTurret2.fbx.meta","1056D782D1D2C114FF2390E75E3F3498035921E17826241921799C77FDCE1E4F"
"D:\project unity\The Gloom of Blackwood\Assets\GameArt\AutoTurret\Meshy_AI_Turret_Sentry_Gun_0909090032_image-to-3d-texture_metallic.png","11E787BFA2702A1A024E370C177C94DF48335D345518540BA624E0759611C289"
"D:\project unity\The Gloom of Blackwood\Assets\GameArt\AutoTurret\Meshy_AI_Turret_Sentry_Gun_0909090032_image-to-3d-texture_metallic.png.meta","F26322A97C36CE1B950705277B0D6F9AE255063A7DED4A8FFCA91A45CBA72AA3"
"D:\project unity\The Gloom of Blackwood\Assets\GameArt\AutoTurret\Meshy_AI_Turret_Sentry_Gun_0909090032_image-to-3d-texture_normal.png","96FCB0CB9946C03DED9ECC3ED3C6697C48B4A27ABFCB3BBD15A1B88267D44DEC"
"D:\project unity\The Gloom of Blackwood\Assets\GameArt\AutoTurret\Meshy_AI_Turret_Sentry_Gun_0909090032_image-to-3d-texture_normal.png.meta","AA108880570BF4FEF4BEEA9E0175C18F1B4B1E0637B5D7A46C46E35B8BABE85C"
"D:\project unity\The Gloom of Blackwood\Assets\GameArt\AutoTurret\Meshy_AI_Turret_Sentry_Gun_0909090032_image-to-3d-texture_roughness.png","AAA24C691F5695D9D10F10C3E8DBB47555F2160E268F6E46D5FE73EAE7C6B6D4"
"D:\project unity\The Gloom of Blackwood\Assets\GameArt\AutoTurret\Meshy_AI_Turret_Sentry_Gun_0909090032_image-to-3d-texture_roughness.png.meta","EEC8907A7417A7454FA2FBBD1D3E3539B497506E1A80CEC79AEC80DE0F82ABC7"
"D:\project unity\The Gloom of Blackwood\Assets\GameArt\AutoTurret\Meshy_AI_Turret_Sentry_Gun_0909090032_image-to-3d-texture.png","1AB2FF36F9E2A067086953007B430CF9FDD5472F28F36E9981A3019D94490219"
"D:\project unity\The Gloom of Blackwood\Assets\GameArt\AutoTurret\Meshy_AI_Turret_Sentry_Gun_0909090032_image-to-3d-texture.png.meta","DEB61B0221B79A9FB4DA6AB8339C38ED4F96364AEA8BE67DA8C04E7B9C33742B"
"D:\project unity\The Gloom of Blackwood\Assets\GameArt\Barrier\Barrier.fbx","1D69487710F6A73277349E076DD354B08E9FE0B37EF973ADAF2B941E66A05594"
"D:\project unity\The Gloom of Blackwood\Assets\GameArt\Barrier\Barrier.fbx.meta","D927CC8E4C551265EFBC69774F145240C5F726D52220F84275AA003801FE6B98"
"D:\project unity\The Gloom of Blackwood\Assets\GameArt\Barrier\Meshy_AI_SciFi_Barrier_0909071432_image-to-3d-texture_metallic.png","3B89A81ACB25C1D58266A5BC8297826F79AD31488BFFC6F248D48E5EF97593E9"
"D:\project unity\The Gloom of Blackwood\Assets\GameArt\Barrier\Meshy_AI_SciFi_Barrier_0909071432_image-to-3d-texture_metallic.png.meta","7223E26CBC1ED8FB145E38E5026166C76423064E3125ADE66330EBBF6F564CEF"
"D:\project unity\The Gloom of Blackwood\Assets\GameArt\Barrier\Meshy_AI_SciFi_Barrier_0909071432_image-to-3d-texture_normal.png","52A0CD412AED080A6F5FBDCE7A7C6B1CBA6DFC79C8027FFB16C64FB7AD110D07"
"D:\project unity\The Gloom of Blackwood\Assets\GameArt\Barrier\Meshy_AI_SciFi_Barrier_0909071432_image-to-3d-texture_normal.png.meta","245AC42C4ED2F3673A8F5A0947B2C078E9355B2C7BF74F7270D28DDE0E850E6F"
"D:\project unity\The Gloom of Blackwood\Assets\GameArt\Barrier\Meshy_AI_SciFi_Barrier_0909071432_image-to-3d-texture_roughness.png","5AC2B0D10735D205CE214DD77A160121E6025129B1BD3B3FEF1E771D379FDC51"
"D:\project unity\The Gloom of Blackwood\Assets\GameArt\Barrier\Meshy_AI_SciFi_Barrier_0909071432_image-to-3d-texture_roughness.png.meta","DF11ECC9A89399360BBC7E7DE44A20C91069BAA13E017AC3BD1B56C680EEDECC"
"D:\project unity\The Gloom of Blackwood\Assets\GameArt\Barrier\Meshy_AI_SciFi_Barrier_0909071432_image-to-3d-texture.png","D0F123F6A2FF53C2D2C84C26CC517300661469DC6E98F485E6DCCF36DEB4C241"
"D:\project unity\The Gloom of Blackwood\Assets\GameArt\Barrier\Meshy_AI_SciFi_Barrier_0909071432_image-to-3d-texture.png.meta","83B40802C7279880E3CCF011E0097F23199CB8EF472CA01C6483FFD40041C835"
"D:\project unity\The Gloom of Blackwood\Assets\GameArt\Drone\Drone.fbx","62F7098B7EB7FB9CCB97BF4B5D83060FD88F7F7D4B6E3A1F31885D4C969E43EE"
"D:\project unity\The Gloom of Blackwood\Assets\GameArt\Drone\Drone.fbx.meta","D39702E663430705ED8816F32927E28AEBD2DCE84316DBEADACB213CD84A6308"
"D:\project unity\The Gloom of Blackwood\Assets\GameArt\Drone\Drone2.fbx","1A41AA5B50BBA3F765D9FB871EC7BE9AA68F1C7816B1FCB1EF0037EDE61DB544"
"D:\project unity\The Gloom of Blackwood\Assets\GameArt\Drone\Drone2.fbx.meta","3E6CBDF28FCF2760A2CA0CF1199E8C81745ECAA6968AD5C29E7785F69286A6C9"
"D:\project unity\The Gloom of Blackwood\Assets\GameArt\Drone\Meshy_AI_Drone_Quadcopter_0909093819_image-to-3d-texture_metallic.png","3DE6F4D584949433F6FEA9D91743B537448AC72ABE1A9750CA40CFE4DCD3DC71"
"D:\project unity\The Gloom of Blackwood\Assets\GameArt\Drone\Meshy_AI_Drone_Quadcopter_0909093819_image-to-3d-texture_metallic.png.meta","4592E59DA164A77D27469516BBD85F73C8A52CFAC48BCA6D382CFC97F7167815"
"D:\project unity\The Gloom of Blackwood\Assets\GameArt\Drone\Meshy_AI_Drone_Quadcopter_0909093819_image-to-3d-texture_normal.png","6DD47E725DA8DFC4D5B41AED8FD06E75A3A18BDE5C7FAEB2529767D4027E49FF"
"D:\project unity\The Gloom of Blackwood\Assets\GameArt\Drone\Meshy_AI_Drone_Quadcopter_0909093819_image-to-3d-texture_normal.png.meta","E029D82B9B7055B297F0C17713FB958DE1EE7186F3767AEA88904D8868A57529"
"D:\project unity\The Gloom of Blackwood\Assets\GameArt\Drone\Meshy_AI_Drone_Quadcopter_0909093819_image-to-3d-texture_roughness.png","830F81C2DD00AF62688C74AE6883E69C22D6E97FD65A133619250BE0E559A2BD"
"D:\project unity\The Gloom of Blackwood\Assets\GameArt\Drone\Meshy_AI_Drone_Quadcopter_0909093819_image-to-3d-texture_roughness.png.meta","7F0E840E6A28378412565F06DCF8DC299E16641E890BC3C4E1363F0ECFD68DFD"
"D:\project unity\The Gloom of Blackwood\Assets\GameArt\Drone\Meshy_AI_Drone_Quadcopter_0909093819_image-to-3d-texture.png","0C905A7B6FC2665A3E0FFE889A1A774BE151C2EF3F4F931B9DF09F96D20E1157"
"D:\project unity\The Gloom of Blackwood\Assets\GameArt\Drone\Meshy_AI_Drone_Quadcopter_0909093819_image-to-3d-texture.png.meta","695435F3094BCFFA117153E6C1BAF7F18818D931B203D34926B286A2EBC0A47D"
"D:\project unity\The Gloom of Blackwood\Assets\GameArt\ElectricTurret\ElectricTurret.fbx","6BFFB24CA6CC63F2E9CF7E9555AA6682B5B498D45F1F4D313BC6A24B948BD2E2"
"D:\project unity\The Gloom of Blackwood\Assets\GameArt\ElectricTurret\ElectricTurret.fbx.meta","4156FDEF854E6F5A092EA732346591A45C22F3BF4F6B7DAE9D5130A5C93E454C"
"D:\project unity\The Gloom of Blackwood\Assets\GameArt\ElectricTurret\Meshy_AI_SciFi_Tower_Base_Coil_0909092456_part-segmentation.fbx","31DA0C7431C770FB4ED0C002678E689B34C73CDDE6E4EE6BA6C7BB024C033C39"
"D:\project unity\The Gloom of Blackwood\Assets\GameArt\ElectricTurret\Meshy_AI_SciFi_Tower_Base_Coil_0909092456_part-segmentation.fbx.meta","1B12870F6E04A07A2B1CB5617DEDE7B2EFF2CDC6E6B6E3F3B31C1D5A6A835F21"
"D:\project unity\The Gloom of Blackwood\Assets\GameArt\ElectricTurret\Meshy_AI_SciFi_Tower_Turret_0909092313_image-to-3d-texture_metallic.png","CF59C49DE3874B4AF75148B90E59F93760A2AEC411AA68697BCFB73FB4F97240"
"D:\project unity\The Gloom of Blackwood\Assets\GameArt\ElectricTurret\Meshy_AI_SciFi_Tower_Turret_0909092313_image-to-3d-texture_metallic.png.meta","5FA111463FAED69DB0D4B950B3F45E27142605AD4144883E994FC8450CED1AA2"
"D:\project unity\The Gloom of Blackwood\Assets\GameArt\ElectricTurret\Meshy_AI_SciFi_Tower_Turret_0909092313_image-to-3d-texture_normal.png","09E29356459CBF4583F37A003D0CC67C6E3F9B4F3A679F45BD509A8EB6DAD3D9"
"D:\project unity\The Gloom of Blackwood\Assets\GameArt\ElectricTurret\Meshy_AI_SciFi_Tower_Turret_0909092313_image-to-3d-texture_normal.png.meta","2B94C304FF9F52DC2EF1A3EF91E6B93162074CA5C376547327A68EE1AD05E546"
"D:\project unity\The Gloom of Blackwood\Assets\GameArt\ElectricTurret\Meshy_AI_SciFi_Tower_Turret_0909092313_image-to-3d-texture_roughness.png","91A28966A92908E65DA4495D4B4DC854F07CFEA0F0701DB75BFF384B8DB9EABE"
"D:\project unity\The Gloom of Blackwood\Assets\GameArt\ElectricTurret\Meshy_AI_SciFi_Tower_Turret_0909092313_image-to-3d-texture_roughness.png.meta","E8E16461390539A7A52ED3DD1B1EE19A6A932E5FDEAEABB44FB1323C62846C91"
"D:\project unity\The Gloom of Blackwood\Assets\GameArt\ElectricTurret\Meshy_AI_SciFi_Tower_Turret_0909092313_image-to-3d-texture.png","A0F0C48005818DED2FC0BD60CB915A04DEC76DF7C1437A6892FD5A2F5A7E41D2"
"D:\project unity\The Gloom of Blackwood\Assets\GameArt\ElectricTurret\Meshy_AI_SciFi_Tower_Turret_0909092313_image-to-3d-texture.png.meta","84D9DD2003E20530F10A5BBA104851970E259AD9A0E01AD0261D87FAFDF0D400"
"D:\project unity\The Gloom of Blackwood\Assets\GameArt\GroundTile_01\GroundTile_01.fbx","E742D267BA52704A0985744F86B309A6B09780EE114990909DD074B2FE80FBE1"
"D:\project unity\The Gloom of Blackwood\Assets\GameArt\GroundTile_01\GroundTile_01.fbx.meta","9C93AAFE0A772285376CD9D86CA8BB2CBF01DD58B8BBD635C23EE03AB7F2CCAA"
"D:\project unity\The Gloom of Blackwood\Assets\GameArt\GroundTile_01\Meshy_AI_Grass_Tile_0909065349_image-to-3d-texture_metallic.png","4633677C9BE92E238DB8718B9A33EB57BC7A785E53407D936F6CAC169D6AB809"
"D:\project unity\The Gloom of Blackwood\Assets\GameArt\GroundTile_01\Meshy_AI_Grass_Tile_0909065349_image-to-3d-texture_metallic.png.meta","0CF40CEEC0D9C7A16F85CA026F940EC76AF360F7C9D779A9823B06BABBA4FDFB"
"D:\project unity\The Gloom of Blackwood\Assets\GameArt\GroundTile_01\Meshy_AI_Grass_Tile_0909065349_image-to-3d-texture_normal.png","FD63872245B0F5A5742687BBC43F0001904412CA33E1BD7BD37362F5E2165F7A"
"D:\project unity\The Gloom of Blackwood\Assets\GameArt\GroundTile_01\Meshy_AI_Grass_Tile_0909065349_image-to-3d-texture_normal.png.meta","D605CF4C98B00E1CC540B187C248E6E8EDB1CE438E1334A25B8273D5E136149B"
"D:\project unity\The Gloom of Blackwood\Assets\GameArt\GroundTile_01\Meshy_AI_Grass_Tile_0909065349_image-to-3d-texture_roughness.png","0E407149DE97A80A5A342358880A65EB9ED8F169AB34D13E43D3F7CFDEB63C91"
"D:\project unity\The Gloom of Blackwood\Assets\GameArt\GroundTile_01\Meshy_AI_Grass_Tile_0909065349_image-to-3d-texture_roughness.png.meta","501D9D42D9FA60EB03A0C9D78BBE5B4300B23362D08EB2A6D783FD3A23BE8D60"
"D:\project unity\The Gloom of Blackwood\Assets\GameArt\GroundTile_01\Meshy_AI_Grass_Tile_0909065349_image-to-3d-texture.png","7486721828B31270B034A78DC590130C3173BC0947D479338B9D514D99C051EA"
"D:\project unity\The Gloom of Blackwood\Assets\GameArt\GroundTile_01\Meshy_AI_Grass_Tile_0909065349_image-to-3d-texture.png.meta","CC094B438E60BBEE2982B2C6B1D0EF8ADAD11302C25C553A43B13EF9AD0F5F77"
"D:\project unity\The Gloom of Blackwood\Assets\GameArt\Landing_Platfor\Landing_Platfor.fbx","EA4DDDAF95A9A735C83ADA3ECBD72531218637734BFF5EF93F4D9D9CBB6275E4"
"D:\project unity\The Gloom of Blackwood\Assets\GameArt\Landing_Platfor\Landing_Platfor.fbx.meta","F02309EEC88C7132C856905546F96EF68F8E27180840C866951285BDADFDB73B"
"D:\project unity\The Gloom of Blackwood\Assets\GameArt\Landing_Platfor\Meshy_AI_SciFi_Landing_Platfor_0909094537_image-to-3d-texture_metallic.png","18D0639D247DA2A7E98B90E06DF88B4F390B3C47BA694F3320A0E66951CA5FE1"
"D:\project unity\The Gloom of Blackwood\Assets\GameArt\Landing_Platfor\Meshy_AI_SciFi_Landing_Platfor_0909094537_image-to-3d-texture_metallic.png.meta","569D0E82D9AB7134A8BF1FD1FB54B035FE8642B47E633798D0C985CF397FB0C2"
"D:\project unity\The Gloom of Blackwood\Assets\GameArt\Landing_Platfor\Meshy_AI_SciFi_Landing_Platfor_0909094537_image-to-3d-texture_normal.png","A0BD7034E1ACD03881037D62527DCC6BE1AB0822A6455B1A4D5FD770E2F88B1E"
"D:\project unity\The Gloom of Blackwood\Assets\GameArt\Landing_Platfor\Meshy_AI_SciFi_Landing_Platfor_0909094537_image-to-3d-texture_normal.png.meta","CF6A67C7109C16CFC1C6F9693040DAD11C6BD8DD7DE9CD69D73442573CD7D264"
"D:\project unity\The Gloom of Blackwood\Assets\GameArt\Landing_Platfor\Meshy_AI_SciFi_Landing_Platfor_0909094537_image-to-3d-texture_roughness.png","00A5642B709E1D2135C8923440EF3AC3D4A4199E3A7E9CFFDD17199B80E50B2D"
"D:\project unity\The Gloom of Blackwood\Assets\GameArt\Landing_Platfor\Meshy_AI_SciFi_Landing_Platfor_0909094537_image-to-3d-texture_roughness.png.meta","D86D5B009D1C59A758D4CFB41480A4C73D5DF79B59275907E6F68B274430D614"
"D:\project unity\The Gloom of Blackwood\Assets\GameArt\Landing_Platfor\Meshy_AI_SciFi_Landing_Platfor_0909094537_image-to-3d-texture.png","D57488B3FEE4D6C5D013D6B0C4521F0E16846598575DB44E7AA798AFAA70A199"
"D:\project unity\The Gloom of Blackwood\Assets\GameArt\Landing_Platfor\Meshy_AI_SciFi_Landing_Platfor_0909094537_image-to-3d-texture.png.meta","8A06AF33A483A3C8FAE8B128654C4AD7529EF70A5931EC10CF562802DD50ED02"
"D:\project unity\The Gloom of Blackwood\Assets\GameArt\MainShelter\MainShelter.fbx","EBAA7FCE7E230149D580E195163C82BE6954095BF5939548E57D3765228F48B4"
"D:\project unity\The Gloom of Blackwood\Assets\GameArt\MainShelter\MainShelter.fbx.meta","5DC3B331C03E095613707473699312022546EB54F71C56D67907B64F0E5B8A30"
"D:\project unity\The Gloom of Blackwood\Assets\GameArt\MainShelter\Meshy_AI_Sci_fi_Cargo_Containe_0909063735_image-to-3d-texture_metallic.png","2B190A00C9465C8B03ABF1C7EBEA1FD870E03AA926DEFDF225EFDAC5C3051CB7"
"D:\project unity\The Gloom of Blackwood\Assets\GameArt\MainShelter\Meshy_AI_Sci_fi_Cargo_Containe_0909063735_image-to-3d-texture_metallic.png.meta","885362BD55C43711D0423D80E2A9D9F00CE647AC71D9113B404601AB8A06EF57"
"D:\project unity\The Gloom of Blackwood\Assets\GameArt\MainShelter\Meshy_AI_Sci_fi_Cargo_Containe_0909063735_image-to-3d-texture_normal.png","BBCDCEA12A554D27FCB40E8F8A9FBB6C7F9E735546765ACE16565B4DD43F626F"
"D:\project unity\The Gloom of Blackwood\Assets\GameArt\MainShelter\Meshy_AI_Sci_fi_Cargo_Containe_0909063735_image-to-3d-texture_normal.png.meta","921774DEBD68E16798CD919854545EEF38AC2F549C2E6F2E5715E48CCC7F08AB"
"D:\project unity\The Gloom of Blackwood\Assets\GameArt\MainShelter\Meshy_AI_Sci_fi_Cargo_Containe_0909063735_image-to-3d-texture_roughness.png","329728D4B1DE45B2F4C60EB31E5BCA98331BCB271DEDE02956470F508F04E5D3"
"D:\project unity\The Gloom of Blackwood\Assets\GameArt\MainShelter\Meshy_AI_Sci_fi_Cargo_Containe_0909063735_image-to-3d-texture_roughness.png.meta","50BE86E7FD154818820F3C312D9CC164422593D4D3EA33F8775D16B741DCF1F9"
"D:\project unity\The Gloom of Blackwood\Assets\GameArt\MainShelter\Meshy_AI_Sci_fi_Cargo_Containe_0909063735_image-to-3d-texture.png","78A25CFBB2F2E86EE6B598F5336018CF9F264C7754CC3B32C1795A957C24EED8"
"D:\project unity\The Gloom of Blackwood\Assets\GameArt\MainShelter\Meshy_AI_Sci_fi_Cargo_Containe_0909063735_image-to-3d-texture.png.meta","A070B5B13179700E43FC0F0E5879F6AEFBC08561D0FD2B63C6FF6EED7F4CCF69"
"D:\project unity\The Gloom of Blackwood\Assets\GameArt\pine_tree\Meshy_AI_Low_poly_pine_tree_0909100035_image-to-3d-texture_metallic.png","D19339D68C739CDF14C70F0687C0333774CA6FF59CD5B6EE50757B6A6EC232E2"
"D:\project unity\The Gloom of Blackwood\Assets\GameArt\pine_tree\Meshy_AI_Low_poly_pine_tree_0909100035_image-to-3d-texture_metallic.png.meta","7D3CB8F0AD2DA628AFDC13AAEFAFF5CA829EB3EF3098473EA40366E716146335"
"D:\project unity\The Gloom of Blackwood\Assets\GameArt\pine_tree\Meshy_AI_Low_poly_pine_tree_0909100035_image-to-3d-texture_normal.png","2117C3DC9F8F2BBAF7F18E630B0A13286A09B237C9F7F4DA065836EAB717DE40"
"D:\project unity\The Gloom of Blackwood\Assets\GameArt\pine_tree\Meshy_AI_Low_poly_pine_tree_0909100035_image-to-3d-texture_normal.png.meta","D61699D68F76BC71B97913109AF023F208609CFCC13BE274FC954EC843071747"
"D:\project unity\The Gloom of Blackwood\Assets\GameArt\pine_tree\Meshy_AI_Low_poly_pine_tree_0909100035_image-to-3d-texture_roughness.png","385F593946053D36BC57B17A048C28AB47AD1B0C69E61919261081EE5A0E4311"
"D:\project unity\The Gloom of Blackwood\Assets\GameArt\pine_tree\Meshy_AI_Low_poly_pine_tree_0909100035_image-to-3d-texture_roughness.png.meta","E04B38FF73FD12549CECE624644F0598246BED29BD57D6B0A1EFC35FE7C27476"
"D:\project unity\The Gloom of Blackwood\Assets\GameArt\pine_tree\Meshy_AI_Low_poly_pine_tree_0909100035_image-to-3d-texture.png","A001B3A21AD6530E0DFBB267F325411E248F8DE8FF20C768FEE56521F1E2A61E"
"D:\project unity\The Gloom of Blackwood\Assets\GameArt\pine_tree\Meshy_AI_Low_poly_pine_tree_0909100035_image-to-3d-texture.png.meta","4A3DF6B4EAA2DD5163E7F927009BCCBB0BBC0A817DB72A4EB71F4DDE7B2D0C81"
"D:\project unity\The Gloom of Blackwood\Assets\GameArt\pine_tree\pine_tree.fbx","6D58C066F2A4E3D4438CCE04C81A6B14C2C9243372E71CD3021ABEF765156104"
"D:\project unity\The Gloom of Blackwood\Assets\GameArt\pine_tree\pine_tree.fbx.meta","CF7168EA44D5544E67A38971111EA49E392826AAA90DDE9C679BDE1A009F7471"
"D:\project unity\The Gloom of Blackwood\Assets\GameArt\PowerStation\Meshy_AI_SciFi_Industrial_Stru_0909070205_image-to-3d-texture_metallic.png","2D50693C2016C61F8D362EDB6BE570AD8BAA91B1939A42A5DD1029B2D57EDAC5"
"D:\project unity\The Gloom of Blackwood\Assets\GameArt\PowerStation\Meshy_AI_SciFi_Industrial_Stru_0909070205_image-to-3d-texture_metallic.png.meta","7B7D815E0D1A2F925F884F28198E9B332B393424CB4140147AED9FE094087389"
"D:\project unity\The Gloom of Blackwood\Assets\GameArt\PowerStation\Meshy_AI_SciFi_Industrial_Stru_0909070205_image-to-3d-texture_normal.png","D70470BF340187B0E4C94B3E566FB4A1FFC6118957ED71EC3927B4E4C3777290"
"D:\project unity\The Gloom of Blackwood\Assets\GameArt\PowerStation\Meshy_AI_SciFi_Industrial_Stru_0909070205_image-to-3d-texture_normal.png.meta","4A990362FE53D4D2CFBF4CD113A57DE9D1E9846FD338C898873B4A4A41E0DFF2"
"D:\project unity\The Gloom of Blackwood\Assets\GameArt\PowerStation\Meshy_AI_SciFi_Industrial_Stru_0909070205_image-to-3d-texture_roughness.png","9FF1A3B4DA65F8EC139912D79BEA538ABE0461654B2ABBD5C2781270E3E39072"
"D:\project unity\The Gloom of Blackwood\Assets\GameArt\PowerStation\Meshy_AI_SciFi_Industrial_Stru_0909070205_image-to-3d-texture_roughness.png.meta","061AB3C37B921F6160853005392788D7C68551CFB262E3477D0184459F923181"
"D:\project unity\The Gloom of Blackwood\Assets\GameArt\PowerStation\Meshy_AI_SciFi_Industrial_Stru_0909070205_image-to-3d-texture.png","B7A1CE3F49A8F446FFC5BCB0D3E5FF406F5070DB4851953C3DF4FED29631DD60"
"D:\project unity\The Gloom of Blackwood\Assets\GameArt\PowerStation\Meshy_AI_SciFi_Industrial_Stru_0909070205_image-to-3d-texture.png.meta","64DEF2E61A6C4BCB8D8F31CA14E7D7EE4ADE2930C02B2FD400B491AADB07EEFA"
"D:\project unity\The Gloom of Blackwood\Assets\GameArt\PowerStation\PowerStation.fbx","A070E434F01BABDF4406351BFA15ADC1E89F2A2982DC0CF477B48996D3163B72"
"D:\project unity\The Gloom of Blackwood\Assets\GameArt\PowerStation\PowerStation.fbx.meta","F56B725ABB2E8FFBA25A6049983ACB605FC783B360C6FC46C2CF588A597B5471"
"D:\project unity\The Gloom of Blackwood\Assets\GameArt\ResearchLab\Meshy_AI_Sci_fi_Container_Bunk_0909091142_image-to-3d-texture_metallic.png","2932FC18A27FEC1551D220C3AC834AD217B030AF450788598C4231E2324FFB55"
"D:\project unity\The Gloom of Blackwood\Assets\GameArt\ResearchLab\Meshy_AI_Sci_fi_Container_Bunk_0909091142_image-to-3d-texture_metallic.png.meta","039D3F140A9467C1A6F81A8EC6C607220A59FFED3491E514E592ED4E773561FA"
"D:\project unity\The Gloom of Blackwood\Assets\GameArt\ResearchLab\Meshy_AI_Sci_fi_Container_Bunk_0909091142_image-to-3d-texture_normal.png","7DA2F4826B2863BB594FAB232053D3E639ADCBAD988FD60978586A0106270939"
"D:\project unity\The Gloom of Blackwood\Assets\GameArt\ResearchLab\Meshy_AI_Sci_fi_Container_Bunk_0909091142_image-to-3d-texture_normal.png.meta","E03B81AB031434A04B29F4F10744152E4AA7480B128A42D8C6B21880930F0DC4"
"D:\project unity\The Gloom of Blackwood\Assets\GameArt\ResearchLab\Meshy_AI_Sci_fi_Container_Bunk_0909091142_image-to-3d-texture_roughness.png","DC05123C4830363B56E537DBEEF57EB266C409F542DB36793ABEA09F4BC6B41B"
"D:\project unity\The Gloom of Blackwood\Assets\GameArt\ResearchLab\Meshy_AI_Sci_fi_Container_Bunk_0909091142_image-to-3d-texture_roughness.png.meta","65E9455D2570D93CF3F5FE95647D27CBCBB13D8B8E4FB665000EC9883E8D690D"
"D:\project unity\The Gloom of Blackwood\Assets\GameArt\ResearchLab\Meshy_AI_Sci_fi_Container_Bunk_0909091142_image-to-3d-texture.png","EC611A8A9E9266D74AB9F183CE512368B8BF01E09FFC797C6689B6D75A761405"
"D:\project unity\The Gloom of Blackwood\Assets\GameArt\ResearchLab\Meshy_AI_Sci_fi_Container_Bunk_0909091142_image-to-3d-texture.png.meta","88C8FF63BB909EDFDDFF0EFBDEFC72D80078A8687FF604EDA0D16A92268161C9"
"D:\project unity\The Gloom of Blackwood\Assets\GameArt\ResearchLab\ResearchLab.fbx","12D00A26E4B366D6D7E3D42EDA78F6788C75DD24868A7371D9BD2857CB0186D9"
"D:\project unity\The Gloom of Blackwood\Assets\GameArt\ResearchLab\ResearchLab.fbx.meta","4E7400F1A92C80F296506D993DFCF611740A992BAB15A0A416F4D3EAF9828A42"
"D:\project unity\The Gloom of Blackwood\Assets\GameArt\RockPile_01\RockPile_01.meta","7381F7A8B96E8A7C0DE3D742859668F87AD99A4B3811C737216AB905AF37AECE"
"D:\project unity\The Gloom of Blackwood\Assets\GameArt\RockPile_01\RockPile_01\Meshy_AI_Stylized_Ore_Rock_0909063057_image-to-3d-texture_metallic.png","DCB981DE285723D4431F8912051D68B761D01CFCC4ADD6B9635EAFF502775682"
"D:\project unity\The Gloom of Blackwood\Assets\GameArt\RockPile_01\RockPile_01\Meshy_AI_Stylized_Ore_Rock_0909063057_image-to-3d-texture_metallic.png.meta","5FBA42CBB6B713F2353DE5EB203FE367BB3391FC50C9AE4DE6829B5BA0A58D75"
"D:\project unity\The Gloom of Blackwood\Assets\GameArt\RockPile_01\RockPile_01\Meshy_AI_Stylized_Ore_Rock_0909063057_image-to-3d-texture_normal.png","4ED3CD27664F95AB0364342B9A893923B8C7A4B08147945F5B198703373E9FA3"
"D:\project unity\The Gloom of Blackwood\Assets\GameArt\RockPile_01\RockPile_01\Meshy_AI_Stylized_Ore_Rock_0909063057_image-to-3d-texture_normal.png.meta","7870FCB961FDA0B54C2A610064886C8A570436530619EB12544C5F70816E3B95"
"D:\project unity\The Gloom of Blackwood\Assets\GameArt\RockPile_01\RockPile_01\Meshy_AI_Stylized_Ore_Rock_0909063057_image-to-3d-texture_roughness.png","45C71AD32B4EFC6EA3162F459F6466975157002131CEBB9767AC196A91DD1A42"
"D:\project unity\The Gloom of Blackwood\Assets\GameArt\RockPile_01\RockPile_01\Meshy_AI_Stylized_Ore_Rock_0909063057_image-to-3d-texture_roughness.png.meta","8F453270FC11371F07A5CC40401704CD3D9D99AB012EBBC402268A2619E1598D"
"D:\project unity\The Gloom of Blackwood\Assets\GameArt\RockPile_01\RockPile_01\Meshy_AI_Stylized_Ore_Rock_0909063057_image-to-3d-texture.png","0ADF550D6D81190342DBB9679453A6D10F0488A506A0075108A998BD1D2C5D2E"
"D:\project unity\The Gloom of Blackwood\Assets\GameArt\RockPile_01\RockPile_01\Meshy_AI_Stylized_Ore_Rock_0909063057_image-to-3d-texture.png.meta","E11799F2F45635B2EE82FD7166E0E6F4EA5A039295E5700D881F02D6FA3C93FF"
"D:\project unity\The Gloom of Blackwood\Assets\GameArt\RockPile_01\RockPile_01\RockPile_01.fbx","26E3FC2D99052E09B7C0C030029FE38DFDA646404D97C35DBCCEA79B00B58383"
"D:\project unity\The Gloom of Blackwood\Assets\GameArt\RockPile_01\RockPile_01\RockPile_01.fbx.meta","DFC0FF955C11E8440A622C6504A2DAB60EE8BFD37F01CC523C1F8D8623122E47"
"D:\project unity\The Gloom of Blackwood\Assets\GameArt\scifi_bunker\Meshy_AI_scifi_bunker_module_0909100714_image-to-3d-texture_metallic.png","ACCB636764638BF995CAE615054E2FD4B4A26DA2D763E333E1892E86C2245427"
"D:\project unity\The Gloom of Blackwood\Assets\GameArt\scifi_bunker\Meshy_AI_scifi_bunker_module_0909100714_image-to-3d-texture_metallic.png.meta","5A28B97D4B9E10126AF6B77A4AB7198C5540828BDBB58DA48DBFEFA74D0697E7"
"D:\project unity\The Gloom of Blackwood\Assets\GameArt\scifi_bunker\Meshy_AI_scifi_bunker_module_0909100714_image-to-3d-texture_normal.png","59364860762948CCE0D965EB635BC48CDD92DC2C7FABE84089C89D4100595A99"
"D:\project unity\The Gloom of Blackwood\Assets\GameArt\scifi_bunker\Meshy_AI_scifi_bunker_module_0909100714_image-to-3d-texture_normal.png.meta","79DDC01FE5C3903633D193AC2AC3462472CDCCE0E487E70927D8AD84D5E2E901"
"D:\project unity\The Gloom of Blackwood\Assets\GameArt\scifi_bunker\Meshy_AI_scifi_bunker_module_0909100714_image-to-3d-texture_roughness.png","5268C1D8789185510B0D722F2CD5C0ECA24FD29ABE7E6A3B4398469B5FB90DF0"
"D:\project unity\The Gloom of Blackwood\Assets\GameArt\scifi_bunker\Meshy_AI_scifi_bunker_module_0909100714_image-to-3d-texture_roughness.png.meta","F850FB33C68FC14113D493307E50ABC6FE7CD9863BD1897F8FB69A1456280546"
"D:\project unity\The Gloom of Blackwood\Assets\GameArt\scifi_bunker\Meshy_AI_scifi_bunker_module_0909100714_image-to-3d-texture.png","69FBBAF3100132B3F455356D5311B1CE3947A4EF18E2F2B69D80CF5CAA2CA1CE"
"D:\project unity\The Gloom of Blackwood\Assets\GameArt\scifi_bunker\Meshy_AI_scifi_bunker_module_0909100714_image-to-3d-texture.png.meta","9C7E5C6A7629D4155389ECA1BD8C43767FAF063066175D383F53035951007285"
"D:\project unity\The Gloom of Blackwood\Assets\GameArt\scifi_bunker\scifi_bunker.fbx","BF66E9AC361385FD66AEB8956C19D2421D795E32F619DE6F77278FCA61CC7C98"
"D:\project unity\The Gloom of Blackwood\Assets\GameArt\scifi_bunker\scifi_bunker.fbx.meta","B1844F73498B264CEBC1D941049C09D0DE43E3B64C23FFB2CE5F4B4E3985DEFE"
"D:\project unity\The Gloom of Blackwood\Assets\Enemy\TOLSTYAK.meta","E406B62A11CF7C81F5F78A1F33E2F572143F146AE535BF2C0A54959040F8DA3F"
"D:\project unity\The Gloom of Blackwood\Assets\Enemy\TOLSTYAK\Material_1.mat","1CF1524FB4E5F43C3B748C5F6B97B6E5B5777ACD880B9BEA00357A14ADC5BF4C"
"D:\project unity\The Gloom of Blackwood\Assets\Enemy\TOLSTYAK\Material_1.mat.meta","D84B2245485032CE81631A20F4C7828A2B00B05D71D70CD4A4D4239E2D3A4EFB"
"D:\project unity\The Gloom of Blackwood\Assets\Enemy\TOLSTYAK\Meshy_AI_Mawbound_Behemoth_biped_Meshy_AI_Meshy_Merged_Animations.fbx","AF1393122C1FAC7D93FB551CB2FB08921856006E5A0816A3C8D1414ECB2B2540"
"D:\project unity\The Gloom of Blackwood\Assets\Enemy\TOLSTYAK\Meshy_AI_Mawbound_Behemoth_biped_Meshy_AI_Meshy_Merged_Animations.fbx.meta","F50260FD7FE8C89C5004AA7C2BDC492C75B0FC003B5CC117D572F72FC5F66EBC"
"D:\project unity\The Gloom of Blackwood\Assets\Enemy\TOLSTYAK\Meshy_AI_Mawbound_Behemoth_biped_texture_0_metallic.png","FD5538BFEB868B0B34AC2AEE89BA4EAB0C972DD2F77A2AECD6E9C8423B1B1E08"
"D:\project unity\The Gloom of Blackwood\Assets\Enemy\TOLSTYAK\Meshy_AI_Mawbound_Behemoth_biped_texture_0_metallic.png.meta","FA33E7737971B1EB1F39B71A5FAF5FC75CF79F04D65104BEB2B75E42C0563758"
"D:\project unity\The Gloom of Blackwood\Assets\Enemy\TOLSTYAK\Meshy_AI_Mawbound_Behemoth_biped_texture_0_normal.png","DB612015E42DC66AB115C9C7B74BE4F0E039487B65039597AB8E91BC4570ADEA"
"D:\project unity\The Gloom of Blackwood\Assets\Enemy\TOLSTYAK\Meshy_AI_Mawbound_Behemoth_biped_texture_0_normal.png.meta","3E97A6CB75A9E043FE9CC6730A4C42472EF395AA3ABAB6C4990410FE9DB182AD"
"D:\project unity\The Gloom of Blackwood\Assets\Enemy\TOLSTYAK\Meshy_AI_Mawbound_Behemoth_biped_texture_0_roughness.png","969F79C98EF2A16491C7D69CD8D78851901BFC9F92827FDC314AAD6B809074BB"
"D:\project unity\The Gloom of Blackwood\Assets\Enemy\TOLSTYAK\Meshy_AI_Mawbound_Behemoth_biped_texture_0_roughness.png.meta","44E5144863B3939195060B518DFC1BDB87671798749DE9FCD617E95514449E69"
"D:\project unity\The Gloom of Blackwood\Assets\Enemy\TOLSTYAK\Meshy_AI_Mawbound_Behemoth_biped_texture_0.png","BADD8A51439CA3CE94C7585E7605B490492D8EEFC7B41620795DD3EB1B99BB5A"
"D:\project unity\The Gloom of Blackwood\Assets\Enemy\TOLSTYAK\Meshy_AI_Mawbound_Behemoth_biped_texture_0.png.meta","B8174E897E0A8189A67E24F3FCA8C1A293F2875BE013AF5FF740F0C52099142A"
"D:\project unity\The Gloom of Blackwood\Assets\Enemy\TOLSTYAK\texture_0.png","BADD8A51439CA3CE94C7585E7605B490492D8EEFC7B41620795DD3EB1B99BB5A"
"D:\project unity\The Gloom of Blackwood\Assets\Enemy\TOLSTYAK\texture_0.png.meta","A2A062BEA75D8CA1E602F00651F5A4896811FA3AAACD924AE1D8FDD7327D7E48"
"D:\project unity\The Gloom of Blackwood\Assets\Enemy\TOLSTYAK\TOLSTYAK.fbx","19E1A5FB4DF1EFE92E3C413A3F53FCD80BEC46F106BC53293FCB4ADFA0CEFB53"
"D:\project unity\The Gloom of Blackwood\Assets\Enemy\TOLSTYAK\TOLSTYAK.fbx.meta","DA59577F5A8738A9363F6AEDF725D8119A805A4E44A73274FE415D5E04598918"
